s0,human_ans,Paraphrase T5 E3,Paraphrase T5 E5,Paraphrase Bart E1,Paraphrase Bart E3,Loss T5 E3,Loss T5 E5,Loss Bart E1,Loss Bart E3,Bert Scores T5 E3,Bert Scores T5 E5,Bert Scores Bart E1,Bert Scores Bart E3,ChrF Scores T5 E3,ChrF Scores T5 E5,ChrF Scores Bart E1,ChrF Scores Bart E3
"‘Prime Ministers always have to consider balance in the Cabinet — and at least we now have the same number of women as old Etonians in John Major's *team*,’ she said.",['group' 'party' 'board' 'cabinet'],cabinet,cabinet,pastor,staff,0.030267026,0.025991494,3.8784223,2.7614799,"[{'f1': array([0.99858904]), 'hashcode': 'roberta-large_L17_no-idf_version=0.3.12(hug_trans=4.41.1)', 'precision': array([0.99858904]), 'recall': array([0.99858904])}{'f1': array([0.96621579]), 'hashcode': 'roberta-large_L17_no-idf_version=0.3.12(hug_trans=4.41.1)', 'precision': array([0.96621579]), 'recall': array([0.96621579])}{'f1': array([0.99943984]), 'hashcode': 'roberta-large_L17_no-idf_version=0.3.12(hug_trans=4.41.1)', 'precision': array([0.99943984]), 'recall': array([0.99943984])}{'f1': array([1.]), 'hashcode': 'roberta-large_L17_no-idf_version=0.3.12(hug_trans=4.41.1)', 'precision': array([1.]), 'recall': array([1.])}]","[{'f1': array([0.99858904]), 'hashcode': 'roberta-large_L17_no-idf_version=0.3.12(hug_trans=4.41.1)', 'precision': array([0.99858904]), 'recall': array([0.99858904])}{'f1': array([0.96621579]), 'hashcode': 'roberta-large_L17_no-idf_version=0.3.12(hug_trans=4.41.1)', 'precision': array([0.96621579]), 'recall': array([0.96621579])}{'f1': array([0.99943984]), 'hashcode': 'roberta-large_L17_no-idf_version=0.3.12(hug_trans=4.41.1)', 'precision': array([0.99943984]), 'recall': array([0.99943984])}{'f1': array([1.]), 'hashcode': 'roberta-large_L17_no-idf_version=0.3.12(hug_trans=4.41.1)', 'precision': array([1.]), 'recall': array([1.])}]","[{'f1': array([0.99798286]), 'hashcode': 'roberta-large_L17_no-idf_version=0.3.12(hug_trans=4.41.1)', 'precision': array([0.99798286]), 'recall': array([0.99798286])}{'f1': array([0.96630013]), 'hashcode': 'roberta-large_L17_no-idf_version=0.3.12(hug_trans=4.41.1)', 'precision': array([0.96630013]), 'recall': array([0.96630013])}{'f1': array([0.99924552]), 'hashcode': 'roberta-large_L17_no-idf_version=0.3.12(hug_trans=4.41.1)', 'precision': array([0.99924552]), 'recall': array([0.99924552])}{'f1': array([0.99933088]), 'hashcode': 'roberta-large_L17_no-idf_version=0.3.12(hug_trans=4.41.1)', 'precision': array([0.99933088]), 'recall': array([0.99933088])}]","[{'f1': array([0.99850029]), 'hashcode': 'roberta-large_L17_no-idf_version=0.3.12(hug_trans=4.41.1)', 'precision': array([0.99850029]), 'recall': array([0.99850029])}{'f1': array([0.96644145]), 'hashcode': 'roberta-large_L17_no-idf_version=0.3.12(hug_trans=4.41.1)', 'precision': array([0.96644145]), 'recall': array([0.96644145])}{'f1': array([0.99707437]), 'hashcode': 'roberta-large_L17_no-idf_version=0.3.12(hug_trans=4.41.1)', 'precision': array([0.99707437]), 'recall': array([0.99707437])}{'f1': array([0.99757504]), 'hashcode': 'roberta-large_L17_no-idf_version=0.3.12(hug_trans=4.41.1)', 'precision': array([0.99757504]), 'recall': array([0.99757504])}]",[  0.           7.40740741   7.40740741 100.        ],[  0.           7.40740741   7.40740741 100.        ],[11.53846154 20.14760148 11.53846154  4.90196078],[0.         8.         4.         6.06060606]
"Under *strain* for a start because it was technically ill-equipped to avert disaster or to cope with the consequences when disaster struck; under strain from commercial pressures which, as the inquiry puts it, ‘compromised’ safety; under strain above all because the people on the spot couldn't or wouldn't cope, were weary from gruesome working hours (the senior signal technician who heads the list of the culpable had had only one day off in the past 13 weeks), lacked adequate training, or simply couldn't be bothered.",['stress' 'pressure'],pressure,pressure,definite,proved,0.1394444,0.16827665,4.5761523,4.435638,"[{'f1': array([0.98684072]), 'hashcode': 'roberta-large_L17_no-idf_version=0.3.12(hug_trans=4.41.1)', 'precision': array([0.98684072]), 'recall': array([0.98684072])}{'f1': array([1.00000024]), 'hashcode': 'roberta-large_L17_no-idf_version=0.3.12(hug_trans=4.41.1)', 'precision': array([1.00000024]), 'recall': array([1.00000024])}]","[{'f1': array([0.98684072]), 'hashcode': 'roberta-large_L17_no-idf_version=0.3.12(hug_trans=4.41.1)', 'precision': array([0.98684072]), 'recall': array([0.98684072])}{'f1': array([1.00000024]), 'hashcode': 'roberta-large_L17_no-idf_version=0.3.12(hug_trans=4.41.1)', 'precision': array([1.00000024]), 'recall': array([1.00000024])}]","[{'f1': array([0.99933082]), 'hashcode': 'roberta-large_L17_no-idf_version=0.3.12(hug_trans=4.41.1)', 'precision': array([0.99933082]), 'recall': array([0.99933082])}{'f1': array([0.98689264]), 'hashcode': 'roberta-large_L17_no-idf_version=0.3.12(hug_trans=4.41.1)', 'precision': array([0.98689264]), 'recall': array([0.98689264])}]","[{'f1': array([0.9994871]), 'hashcode': 'roberta-large_L17_no-idf_version=0.3.12(hug_trans=4.41.1)', 'precision': array([0.9994871]), 'recall': array([0.9994871])}{'f1': array([0.98673725]), 'hashcode': 'roberta-large_L17_no-idf_version=0.3.12(hug_trans=4.41.1)', 'precision': array([0.98673725]), 'recall': array([0.98673725])}]",[ 32.18993409 100.        ],[ 32.18993409 100.        ],[5.20833333 4.16666667],[5.55555556 9.10477216]
"‘We accept that we could lose the money we've paid to go to auction, but that's a risk we're *prepared* to take,’ says Julie Widlake.",['willing' 'inclined' 'ready'],ready,prepared,ready,ready,0.14320903,1.6528496,1.1369206,1.2162186,"[{'f1': array([0.99873358]), 'hashcode': 'roberta-large_L17_no-idf_version=0.3.12(hug_trans=4.41.1)', 'precision': array([0.99873358]), 'recall': array([0.99873358])}{'f1': array([0.99946153]), 'hashcode': 'roberta-large_L17_no-idf_version=0.3.12(hug_trans=4.41.1)', 'precision': array([0.99946153]), 'recall': array([0.99946153])}{'f1': array([1.00000012]), 'hashcode': 'roberta-large_L17_no-idf_version=0.3.12(hug_trans=4.41.1)', 'precision': array([1.00000012]), 'recall': array([1.00000012])}]","[{'f1': array([0.99687707]), 'hashcode': 'roberta-large_L17_no-idf_version=0.3.12(hug_trans=4.41.1)', 'precision': array([0.99687707]), 'recall': array([0.99687707])}{'f1': array([0.99833632]), 'hashcode': 'roberta-large_L17_no-idf_version=0.3.12(hug_trans=4.41.1)', 'precision': array([0.99833632]), 'recall': array([0.99833632])}{'f1': array([0.99932837]), 'hashcode': 'roberta-large_L17_no-idf_version=0.3.12(hug_trans=4.41.1)', 'precision': array([0.99932837]), 'recall': array([0.99932837])}]","[{'f1': array([0.99873358]), 'hashcode': 'roberta-large_L17_no-idf_version=0.3.12(hug_trans=4.41.1)', 'precision': array([0.99873358]), 'recall': array([0.99873358])}{'f1': array([0.99946153]), 'hashcode': 'roberta-large_L17_no-idf_version=0.3.12(hug_trans=4.41.1)', 'precision': array([0.99946153]), 'recall': array([0.99946153])}{'f1': array([1.00000012]), 'hashcode': 'roberta-large_L17_no-idf_version=0.3.12(hug_trans=4.41.1)', 'precision': array([1.00000012]), 'recall': array([1.00000012])}]","[{'f1': array([0.99873358]), 'hashcode': 'roberta-large_L17_no-idf_version=0.3.12(hug_trans=4.41.1)', 'precision': array([0.99873358]), 'recall': array([0.99873358])}{'f1': array([0.99946153]), 'hashcode': 'roberta-large_L17_no-idf_version=0.3.12(hug_trans=4.41.1)', 'precision': array([0.99946153]), 'recall': array([0.99946153])}{'f1': array([1.00000012]), 'hashcode': 'roberta-large_L17_no-idf_version=0.3.12(hug_trans=4.41.1)', 'precision': array([1.00000012]), 'recall': array([1.00000012])}]",[  0.           5.40540541 100.        ],[ 0.          6.54761905 18.63905325],[  0.           5.40540541 100.        ],[  0.           5.40540541 100.        ]
"The only effective *remedy* is to install hardened valve seats or a replacement cylinder head, both expensive options.",['cure' 'fix' 'solution'],solution,solution,medic,remedy,0.18608345,0.18874268,2.9508917,1.6939594,"[{'f1': array([0.99900341]), 'hashcode': 'roberta-large_L17_no-idf_version=0.3.12(hug_trans=4.41.1)', 'precision': array([0.99900341]), 'recall': array([0.99900341])}{'f1': array([0.99903464]), 'hashcode': 'roberta-large_L17_no-idf_version=0.3.12(hug_trans=4.41.1)', 'precision': array([0.99903464]), 'recall': array([0.99903464])}{'f1': array([0.99999982]), 'hashcode': 'roberta-large_L17_no-idf_version=0.3.12(hug_trans=4.41.1)', 'precision': array([0.99999982]), 'recall': array([0.99999982])}]","[{'f1': array([0.99900341]), 'hashcode': 'roberta-large_L17_no-idf_version=0.3.12(hug_trans=4.41.1)', 'precision': array([0.99900341]), 'recall': array([0.99900341])}{'f1': array([0.99903464]), 'hashcode': 'roberta-large_L17_no-idf_version=0.3.12(hug_trans=4.41.1)', 'precision': array([0.99903464]), 'recall': array([0.99903464])}{'f1': array([0.99999982]), 'hashcode': 'roberta-large_L17_no-idf_version=0.3.12(hug_trans=4.41.1)', 'precision': array([0.99999982]), 'recall': array([0.99999982])}]","[{'f1': array([0.99955291]), 'hashcode': 'roberta-large_L17_no-idf_version=0.3.12(hug_trans=4.41.1)', 'precision': array([0.99955291]), 'recall': array([0.99955291])}{'f1': array([0.99932224]), 'hashcode': 'roberta-large_L17_no-idf_version=0.3.12(hug_trans=4.41.1)', 'precision': array([0.99932224]), 'recall': array([0.99932224])}{'f1': array([0.9992004]), 'hashcode': 'roberta-large_L17_no-idf_version=0.3.12(hug_trans=4.41.1)', 'precision': array([0.9992004]), 'recall': array([0.9992004])}]","[{'f1': array([0.99961871]), 'hashcode': 'roberta-large_L17_no-idf_version=0.3.12(hug_trans=4.41.1)', 'precision': array([0.99961871]), 'recall': array([0.99961871])}{'f1': array([0.99944407]), 'hashcode': 'roberta-large_L17_no-idf_version=0.3.12(hug_trans=4.41.1)', 'precision': array([0.99944407]), 'recall': array([0.99944407])}{'f1': array([0.99895203]), 'hashcode': 'roberta-large_L17_no-idf_version=0.3.12(hug_trans=4.41.1)', 'precision': array([0.99895203]), 'recall': array([0.99895203])}]",[  5.20833333   8.33333333 100.        ],[  5.20833333   8.33333333 100.        ],[11.9047619   9.80392157  2.7027027 ],[18.72659176  0.          0.        ]
"Mum, why aren't you gon na *put* your microphone on.",['turn'],turn,turn,put,put,0.279275,0.23482859,3.6763299,3.7980363,"[{'f1': array([1.00000024]), 'hashcode': 'roberta-large_L17_no-idf_version=0.3.12(hug_trans=4.41.1)', 'precision': array([1.00000024]), 'recall': array([1.00000024])}]","[{'f1': array([1.00000024]), 'hashcode': 'roberta-large_L17_no-idf_version=0.3.12(hug_trans=4.41.1)', 'precision': array([1.00000024]), 'recall': array([1.00000024])}]","[{'f1': array([0.99896073]), 'hashcode': 'roberta-large_L17_no-idf_version=0.3.12(hug_trans=4.41.1)', 'precision': array([0.99896073]), 'recall': array([0.99896073])}]","[{'f1': array([0.99896073]), 'hashcode': 'roberta-large_L17_no-idf_version=0.3.12(hug_trans=4.41.1)', 'precision': array([0.99896073]), 'recall': array([0.99896073])}]",[100.],[100.],[17.54385965],[17.54385965]
The ego-identity of that person is *shaped* by these choices.,['formed' 'moulded' 'determined'],determined,determined,dignity,controversy,0.29750684,0.25474334,5.8283396,5.741918,"[{'f1': array([0.99929541]), 'hashcode': 'roberta-large_L17_no-idf_version=0.3.12(hug_trans=4.41.1)', 'precision': array([0.99929541]), 'recall': array([0.99929541])}{'f1': array([0.88409495]), 'hashcode': 'roberta-large_L17_no-idf_version=0.3.12(hug_trans=4.41.1)', 'precision': array([0.91532874]), 'recall': array([0.85492241])}{'f1': array([0.99999982]), 'hashcode': 'roberta-large_L17_no-idf_version=0.3.12(hug_trans=4.41.1)', 'precision': array([0.99999982]), 'recall': array([0.99999982])}]","[{'f1': array([0.99929541]), 'hashcode': 'roberta-large_L17_no-idf_version=0.3.12(hug_trans=4.41.1)', 'precision': array([0.99929541]), 'recall': array([0.99929541])}{'f1': array([0.88409495]), 'hashcode': 'roberta-large_L17_no-idf_version=0.3.12(hug_trans=4.41.1)', 'precision': array([0.91532874]), 'recall': array([0.85492241])}{'f1': array([0.99999982]), 'hashcode': 'roberta-large_L17_no-idf_version=0.3.12(hug_trans=4.41.1)', 'precision': array([0.99999982]), 'recall': array([0.99999982])}]","[{'f1': array([0.99956882]), 'hashcode': 'roberta-large_L17_no-idf_version=0.3.12(hug_trans=4.41.1)', 'precision': array([0.99956882]), 'recall': array([0.99956882])}{'f1': array([0.88027936]), 'hashcode': 'roberta-large_L17_no-idf_version=0.3.12(hug_trans=4.41.1)', 'precision': array([0.91143036]), 'recall': array([0.85118729])}{'f1': array([0.99906921]), 'hashcode': 'roberta-large_L17_no-idf_version=0.3.12(hug_trans=4.41.1)', 'precision': array([0.99906921]), 'recall': array([0.99906921])}]","[{'f1': array([0.99940252]), 'hashcode': 'roberta-large_L17_no-idf_version=0.3.12(hug_trans=4.41.1)', 'precision': array([0.99940252]), 'recall': array([0.99940252])}{'f1': array([0.88065791]), 'hashcode': 'roberta-large_L17_no-idf_version=0.3.12(hug_trans=4.41.1)', 'precision': array([0.9116177]), 'recall': array([0.85173202])}{'f1': array([0.99912775]), 'hashcode': 'roberta-large_L17_no-idf_version=0.3.12(hug_trans=4.41.1)', 'precision': array([0.99912775]), 'recall': array([0.99912775])}]",[ 15.55555556  13.82392683 100.        ],[ 15.55555556  13.82392683 100.        ],[2.68817204 2.38095238 7.09219858],[7.14285714 4.27350427 8.34756618]
‘This won't *hold* anything.,['contain' 'carry' 'take' 'keep'],keep,keep,bring,hold,0.29809302,0.35352632,2.8916242,2.4931667,"[{'f1': array([0.99918962]), 'hashcode': 'roberta-large_L17_no-idf_version=0.3.12(hug_trans=4.41.1)', 'precision': array([0.99918962]), 'recall': array([0.99918962])}{'f1': array([0.99924344]), 'hashcode': 'roberta-large_L17_no-idf_version=0.3.12(hug_trans=4.41.1)', 'precision': array([0.99924344]), 'recall': array([0.99924344])}{'f1': array([0.9997313]), 'hashcode': 'roberta-large_L17_no-idf_version=0.3.12(hug_trans=4.41.1)', 'precision': array([0.9997313]), 'recall': array([0.9997313])}{'f1': array([0.99999958]), 'hashcode': 'roberta-large_L17_no-idf_version=0.3.12(hug_trans=4.41.1)', 'precision': array([0.99999958]), 'recall': array([0.99999958])}]","[{'f1': array([0.99918962]), 'hashcode': 'roberta-large_L17_no-idf_version=0.3.12(hug_trans=4.41.1)', 'precision': array([0.99918962]), 'recall': array([0.99918962])}{'f1': array([0.99924344]), 'hashcode': 'roberta-large_L17_no-idf_version=0.3.12(hug_trans=4.41.1)', 'precision': array([0.99924344]), 'recall': array([0.99924344])}{'f1': array([0.9997313]), 'hashcode': 'roberta-large_L17_no-idf_version=0.3.12(hug_trans=4.41.1)', 'precision': array([0.9997313]), 'recall': array([0.9997313])}{'f1': array([0.99999958]), 'hashcode': 'roberta-large_L17_no-idf_version=0.3.12(hug_trans=4.41.1)', 'precision': array([0.99999958]), 'recall': array([0.99999958])}]","[{'f1': array([0.99889839]), 'hashcode': 'roberta-large_L17_no-idf_version=0.3.12(hug_trans=4.41.1)', 'precision': array([0.99889839]), 'recall': array([0.99889839])}{'f1': array([0.99906468]), 'hashcode': 'roberta-large_L17_no-idf_version=0.3.12(hug_trans=4.41.1)', 'precision': array([0.99906468]), 'recall': array([0.99906468])}{'f1': array([0.99981999]), 'hashcode': 'roberta-large_L17_no-idf_version=0.3.12(hug_trans=4.41.1)', 'precision': array([0.99981999]), 'recall': array([0.99981999])}{'f1': array([0.99975646]), 'hashcode': 'roberta-large_L17_no-idf_version=0.3.12(hug_trans=4.41.1)', 'precision': array([0.99975646]), 'recall': array([0.99975646])}]","[{'f1': array([0.9994747]), 'hashcode': 'roberta-large_L17_no-idf_version=0.3.12(hug_trans=4.41.1)', 'precision': array([0.9994747]), 'recall': array([0.9994747])}{'f1': array([0.99934769]), 'hashcode': 'roberta-large_L17_no-idf_version=0.3.12(hug_trans=4.41.1)', 'precision': array([0.99934769]), 'recall': array([0.99934769])}{'f1': array([0.99908006]), 'hashcode': 'roberta-large_L17_no-idf_version=0.3.12(hug_trans=4.41.1)', 'precision': array([0.99908006]), 'recall': array([0.99908006])}{'f1': array([0.99930739]), 'hashcode': 'roberta-large_L17_no-idf_version=0.3.12(hug_trans=4.41.1)', 'precision': array([0.99930739]), 'recall': array([0.99930739])}]",[  0.           0.          20.83333333 100.        ],[  0.           0.          20.83333333 100.        ],[9.63338534 4.         0.         0.        ],[3.90625 0.      0.      0.     ]
"He finds it *hard* to communicate with people, not least his separated parents.",['difficult'],difficult,difficult,difficult,difficult,0.3358879,0.27629283,1.2383459,1.596448,"[{'f1': array([0.99999988]), 'hashcode': 'roberta-large_L17_no-idf_version=0.3.12(hug_trans=4.41.1)', 'precision': array([0.99999988]), 'recall': array([0.99999988])}]","[{'f1': array([0.99999988]), 'hashcode': 'roberta-large_L17_no-idf_version=0.3.12(hug_trans=4.41.1)', 'precision': array([0.99999988]), 'recall': array([0.99999988])}]","[{'f1': array([0.99999988]), 'hashcode': 'roberta-large_L17_no-idf_version=0.3.12(hug_trans=4.41.1)', 'precision': array([0.99999988]), 'recall': array([0.99999988])}]","[{'f1': array([0.99999988]), 'hashcode': 'roberta-large_L17_no-idf_version=0.3.12(hug_trans=4.41.1)', 'precision': array([0.99999988]), 'recall': array([0.99999988])}]",[100.],[100.],[100.],[100.]
"The Masai, Sentue, finds this *hard* to believe.",['difficult'],difficult,difficult,difficult,difficult,0.3358879,0.27629283,1.2383459,1.596448,"[{'f1': array([0.99999988]), 'hashcode': 'roberta-large_L17_no-idf_version=0.3.12(hug_trans=4.41.1)', 'precision': array([0.99999988]), 'recall': array([0.99999988])}]","[{'f1': array([0.99999988]), 'hashcode': 'roberta-large_L17_no-idf_version=0.3.12(hug_trans=4.41.1)', 'precision': array([0.99999988]), 'recall': array([0.99999988])}]","[{'f1': array([0.99999988]), 'hashcode': 'roberta-large_L17_no-idf_version=0.3.12(hug_trans=4.41.1)', 'precision': array([0.99999988]), 'recall': array([0.99999988])}]","[{'f1': array([0.99999988]), 'hashcode': 'roberta-large_L17_no-idf_version=0.3.12(hug_trans=4.41.1)', 'precision': array([0.99999988]), 'recall': array([0.99999988])}]",[100.],[100.],[100.],[100.]
"In any case, if such a qualification is called for it is *hard* to see how a creature with no rationality at all could possess it.",['difficult'],difficult,difficult,difficult,difficult,0.3358879,0.27629283,1.2383459,1.596448,"[{'f1': array([0.99999988]), 'hashcode': 'roberta-large_L17_no-idf_version=0.3.12(hug_trans=4.41.1)', 'precision': array([0.99999988]), 'recall': array([0.99999988])}]","[{'f1': array([0.99999988]), 'hashcode': 'roberta-large_L17_no-idf_version=0.3.12(hug_trans=4.41.1)', 'precision': array([0.99999988]), 'recall': array([0.99999988])}]","[{'f1': array([0.99999988]), 'hashcode': 'roberta-large_L17_no-idf_version=0.3.12(hug_trans=4.41.1)', 'precision': array([0.99999988]), 'recall': array([0.99999988])}]","[{'f1': array([0.99999988]), 'hashcode': 'roberta-large_L17_no-idf_version=0.3.12(hug_trans=4.41.1)', 'precision': array([0.99999988]), 'recall': array([0.99999988])}]",[100.],[100.],[100.],[100.]
"‘Prime Ministers always have to consider balance in the Cabinet — and at least we now have the same number of women as old Etonians in John Major's *team*,’ she said.",['group' 'party' 'board' 'cabinet'],cabinet,cabinet,pastor,staff,0.030267026,0.025991494,3.8784223,2.7614799,"[{'f1': array([0.99858904]), 'hashcode': 'roberta-large_L17_no-idf_version=0.3.12(hug_trans=4.41.1)', 'precision': array([0.99858904]), 'recall': array([0.99858904])}{'f1': array([0.96621579]), 'hashcode': 'roberta-large_L17_no-idf_version=0.3.12(hug_trans=4.41.1)', 'precision': array([0.96621579]), 'recall': array([0.96621579])}{'f1': array([0.99943984]), 'hashcode': 'roberta-large_L17_no-idf_version=0.3.12(hug_trans=4.41.1)', 'precision': array([0.99943984]), 'recall': array([0.99943984])}{'f1': array([1.]), 'hashcode': 'roberta-large_L17_no-idf_version=0.3.12(hug_trans=4.41.1)', 'precision': array([1.]), 'recall': array([1.])}]","[{'f1': array([0.99858904]), 'hashcode': 'roberta-large_L17_no-idf_version=0.3.12(hug_trans=4.41.1)', 'precision': array([0.99858904]), 'recall': array([0.99858904])}{'f1': array([0.96621579]), 'hashcode': 'roberta-large_L17_no-idf_version=0.3.12(hug_trans=4.41.1)', 'precision': array([0.96621579]), 'recall': array([0.96621579])}{'f1': array([0.99943984]), 'hashcode': 'roberta-large_L17_no-idf_version=0.3.12(hug_trans=4.41.1)', 'precision': array([0.99943984]), 'recall': array([0.99943984])}{'f1': array([1.]), 'hashcode': 'roberta-large_L17_no-idf_version=0.3.12(hug_trans=4.41.1)', 'precision': array([1.]), 'recall': array([1.])}]","[{'f1': array([0.99798286]), 'hashcode': 'roberta-large_L17_no-idf_version=0.3.12(hug_trans=4.41.1)', 'precision': array([0.99798286]), 'recall': array([0.99798286])}{'f1': array([0.96630013]), 'hashcode': 'roberta-large_L17_no-idf_version=0.3.12(hug_trans=4.41.1)', 'precision': array([0.96630013]), 'recall': array([0.96630013])}{'f1': array([0.99924552]), 'hashcode': 'roberta-large_L17_no-idf_version=0.3.12(hug_trans=4.41.1)', 'precision': array([0.99924552]), 'recall': array([0.99924552])}{'f1': array([0.99933088]), 'hashcode': 'roberta-large_L17_no-idf_version=0.3.12(hug_trans=4.41.1)', 'precision': array([0.99933088]), 'recall': array([0.99933088])}]","[{'f1': array([0.99850029]), 'hashcode': 'roberta-large_L17_no-idf_version=0.3.12(hug_trans=4.41.1)', 'precision': array([0.99850029]), 'recall': array([0.99850029])}{'f1': array([0.96644145]), 'hashcode': 'roberta-large_L17_no-idf_version=0.3.12(hug_trans=4.41.1)', 'precision': array([0.96644145]), 'recall': array([0.96644145])}{'f1': array([0.99707437]), 'hashcode': 'roberta-large_L17_no-idf_version=0.3.12(hug_trans=4.41.1)', 'precision': array([0.99707437]), 'recall': array([0.99707437])}{'f1': array([0.99757504]), 'hashcode': 'roberta-large_L17_no-idf_version=0.3.12(hug_trans=4.41.1)', 'precision': array([0.99757504]), 'recall': array([0.99757504])}]",[  0.           7.40740741   7.40740741 100.        ],[  0.           7.40740741   7.40740741 100.        ],[11.53846154 20.14760148 11.53846154  4.90196078],[0.         8.         4.         6.06060606]
"The technique of ‘hunt the analogue’ is a favourite one practised by palaeontologists, but it is certainly not a foolproof one, because there are many fossil animals that *defy* comparison with living organisms, and some analogues do not stand up to detailed scrutiny.",['withstand' 'disregard' 'resist'],detest,resist,follow,detest,5.5514684,0.071358256,2.702646,3.905401,"[{'f1': array([0.85749567]), 'hashcode': 'roberta-large_L17_no-idf_version=0.3.12(hug_trans=4.41.1)', 'precision': array([0.80235577]), 'recall': array([0.92077363])}{'f1': array([0.85618603]), 'hashcode': 'roberta-large_L17_no-idf_version=0.3.12(hug_trans=4.41.1)', 'precision': array([0.8005904]), 'recall': array([0.92007941])}{'f1': array([0.85730547]), 'hashcode': 'roberta-large_L17_no-idf_version=0.3.12(hug_trans=4.41.1)', 'precision': array([0.80223203]), 'recall': array([0.92049789])}]","[{'f1': array([0.9993583]), 'hashcode': 'roberta-large_L17_no-idf_version=0.3.12(hug_trans=4.41.1)', 'precision': array([0.9993583]), 'recall': array([0.9993583])}{'f1': array([0.99906719]), 'hashcode': 'roberta-large_L17_no-idf_version=0.3.12(hug_trans=4.41.1)', 'precision': array([0.99906719]), 'recall': array([0.99906719])}{'f1': array([1.]), 'hashcode': 'roberta-large_L17_no-idf_version=0.3.12(hug_trans=4.41.1)', 'precision': array([1.]), 'recall': array([1.])}]","[{'f1': array([0.99866146]), 'hashcode': 'roberta-large_L17_no-idf_version=0.3.12(hug_trans=4.41.1)', 'precision': array([0.99866146]), 'recall': array([0.99866146])}{'f1': array([0.99965191]), 'hashcode': 'roberta-large_L17_no-idf_version=0.3.12(hug_trans=4.41.1)', 'precision': array([0.99965191]), 'recall': array([0.99965191])}{'f1': array([0.99877846]), 'hashcode': 'roberta-large_L17_no-idf_version=0.3.12(hug_trans=4.41.1)', 'precision': array([0.99877846]), 'recall': array([0.99877846])}]","[{'f1': array([0.85749567]), 'hashcode': 'roberta-large_L17_no-idf_version=0.3.12(hug_trans=4.41.1)', 'precision': array([0.80235577]), 'recall': array([0.92077363])}{'f1': array([0.85618603]), 'hashcode': 'roberta-large_L17_no-idf_version=0.3.12(hug_trans=4.41.1)', 'precision': array([0.8005904]), 'recall': array([0.92007941])}{'f1': array([0.85730547]), 'hashcode': 'roberta-large_L17_no-idf_version=0.3.12(hug_trans=4.41.1)', 'precision': array([0.80223203]), 'recall': array([0.92049789])}]",[10.18964594  5.95238095 15.        ],[  8.2054561   12.44245365 100.        ],[1.98412698 0.         0.        ],[10.18964594  5.95238095 15.        ]
"Under *strain* for a start because it was technically ill-equipped to avert disaster or to cope with the consequences when disaster struck; under strain from commercial pressures which, as the inquiry puts it, ‘compromised’ safety; under strain above all because the people on the spot couldn't or wouldn't cope, were weary from gruesome working hours (the senior signal technician who heads the list of the culpable had had only one day off in the past 13 weeks), lacked adequate training, or simply couldn't be bothered.",['stress' 'pressure'],pressure,pressure,definite,proved,0.1394444,0.16827665,4.5761523,4.435638,"[{'f1': array([0.98684072]), 'hashcode': 'roberta-large_L17_no-idf_version=0.3.12(hug_trans=4.41.1)', 'precision': array([0.98684072]), 'recall': array([0.98684072])}{'f1': array([1.00000024]), 'hashcode': 'roberta-large_L17_no-idf_version=0.3.12(hug_trans=4.41.1)', 'precision': array([1.00000024]), 'recall': array([1.00000024])}]","[{'f1': array([0.98684072]), 'hashcode': 'roberta-large_L17_no-idf_version=0.3.12(hug_trans=4.41.1)', 'precision': array([0.98684072]), 'recall': array([0.98684072])}{'f1': array([1.00000024]), 'hashcode': 'roberta-large_L17_no-idf_version=0.3.12(hug_trans=4.41.1)', 'precision': array([1.00000024]), 'recall': array([1.00000024])}]","[{'f1': array([0.99933082]), 'hashcode': 'roberta-large_L17_no-idf_version=0.3.12(hug_trans=4.41.1)', 'precision': array([0.99933082]), 'recall': array([0.99933082])}{'f1': array([0.98689264]), 'hashcode': 'roberta-large_L17_no-idf_version=0.3.12(hug_trans=4.41.1)', 'precision': array([0.98689264]), 'recall': array([0.98689264])}]","[{'f1': array([0.9994871]), 'hashcode': 'roberta-large_L17_no-idf_version=0.3.12(hug_trans=4.41.1)', 'precision': array([0.9994871]), 'recall': array([0.9994871])}{'f1': array([0.98673725]), 'hashcode': 'roberta-large_L17_no-idf_version=0.3.12(hug_trans=4.41.1)', 'precision': array([0.98673725]), 'recall': array([0.98673725])}]",[ 32.18993409 100.        ],[ 32.18993409 100.        ],[5.20833333 4.16666667],[5.55555556 9.10477216]
"The only effective *remedy* is to install hardened valve seats or a replacement cylinder head, both expensive options.",['cure' 'fix' 'solution'],solution,solution,medic,remedy,0.18608345,0.18874268,2.9508917,1.6939594,"[{'f1': array([0.99900341]), 'hashcode': 'roberta-large_L17_no-idf_version=0.3.12(hug_trans=4.41.1)', 'precision': array([0.99900341]), 'recall': array([0.99900341])}{'f1': array([0.99903464]), 'hashcode': 'roberta-large_L17_no-idf_version=0.3.12(hug_trans=4.41.1)', 'precision': array([0.99903464]), 'recall': array([0.99903464])}{'f1': array([0.99999982]), 'hashcode': 'roberta-large_L17_no-idf_version=0.3.12(hug_trans=4.41.1)', 'precision': array([0.99999982]), 'recall': array([0.99999982])}]","[{'f1': array([0.99900341]), 'hashcode': 'roberta-large_L17_no-idf_version=0.3.12(hug_trans=4.41.1)', 'precision': array([0.99900341]), 'recall': array([0.99900341])}{'f1': array([0.99903464]), 'hashcode': 'roberta-large_L17_no-idf_version=0.3.12(hug_trans=4.41.1)', 'precision': array([0.99903464]), 'recall': array([0.99903464])}{'f1': array([0.99999982]), 'hashcode': 'roberta-large_L17_no-idf_version=0.3.12(hug_trans=4.41.1)', 'precision': array([0.99999982]), 'recall': array([0.99999982])}]","[{'f1': array([0.99955291]), 'hashcode': 'roberta-large_L17_no-idf_version=0.3.12(hug_trans=4.41.1)', 'precision': array([0.99955291]), 'recall': array([0.99955291])}{'f1': array([0.99932224]), 'hashcode': 'roberta-large_L17_no-idf_version=0.3.12(hug_trans=4.41.1)', 'precision': array([0.99932224]), 'recall': array([0.99932224])}{'f1': array([0.9992004]), 'hashcode': 'roberta-large_L17_no-idf_version=0.3.12(hug_trans=4.41.1)', 'precision': array([0.9992004]), 'recall': array([0.9992004])}]","[{'f1': array([0.99961871]), 'hashcode': 'roberta-large_L17_no-idf_version=0.3.12(hug_trans=4.41.1)', 'precision': array([0.99961871]), 'recall': array([0.99961871])}{'f1': array([0.99944407]), 'hashcode': 'roberta-large_L17_no-idf_version=0.3.12(hug_trans=4.41.1)', 'precision': array([0.99944407]), 'recall': array([0.99944407])}{'f1': array([0.99895203]), 'hashcode': 'roberta-large_L17_no-idf_version=0.3.12(hug_trans=4.41.1)', 'precision': array([0.99895203]), 'recall': array([0.99895203])}]",[  5.20833333   8.33333333 100.        ],[  5.20833333   8.33333333 100.        ],[11.9047619   9.80392157  2.7027027 ],[18.72659176  0.          0.        ]
A useful research exercise would be to compare the use of census and PAC data in deriving quantitative risk *assessments* and this is an interesting research problem.,['ratings' 'examinations' 'judgements' 'appraisals' 'evaluation'],evaluations,evaluation,questionable,considerations,1.0287474,0.2191377,5.997943,4.898237,"[{'f1': array([0.99940825]), 'hashcode': 'roberta-large_L17_no-idf_version=0.3.12(hug_trans=4.41.1)', 'precision': array([0.99940825]), 'recall': array([0.99940825])}{'f1': array([0.99904871]), 'hashcode': 'roberta-large_L17_no-idf_version=0.3.12(hug_trans=4.41.1)', 'precision': array([0.99904871]), 'recall': array([0.99904871])}{'f1': array([0.86067599]), 'hashcode': 'roberta-large_L17_no-idf_version=0.3.12(hug_trans=4.41.1)', 'precision': array([0.86671489]), 'recall': array([0.85472083])}{'f1': array([0.82586384]), 'hashcode': 'roberta-large_L17_no-idf_version=0.3.12(hug_trans=4.41.1)', 'precision': array([0.88402838]), 'recall': array([0.77488059])}{'f1': array([0.99931622]), 'hashcode': 'roberta-large_L17_no-idf_version=0.3.12(hug_trans=4.41.1)', 'precision': array([0.99931622]), 'recall': array([0.99931622])}]","[{'f1': array([0.99855131]), 'hashcode': 'roberta-large_L17_no-idf_version=0.3.12(hug_trans=4.41.1)', 'precision': array([0.99855131]), 'recall': array([0.99855131])}{'f1': array([0.99784654]), 'hashcode': 'roberta-large_L17_no-idf_version=0.3.12(hug_trans=4.41.1)', 'precision': array([0.99784654]), 'recall': array([0.99784654])}{'f1': array([0.86411291]), 'hashcode': 'roberta-large_L17_no-idf_version=0.3.12(hug_trans=4.41.1)', 'precision': array([0.87015122]), 'recall': array([0.85815787])}{'f1': array([0.82819492]), 'hashcode': 'roberta-large_L17_no-idf_version=0.3.12(hug_trans=4.41.1)', 'precision': array([0.88657707]), 'recall': array([0.77702677])}{'f1': array([0.99999988]), 'hashcode': 'roberta-large_L17_no-idf_version=0.3.12(hug_trans=4.41.1)', 'precision': array([0.99999988]), 'recall': array([0.99999988])}]","[{'f1': array([0.9993571]), 'hashcode': 'roberta-large_L17_no-idf_version=0.3.12(hug_trans=4.41.1)', 'precision': array([0.9993571]), 'recall': array([0.9993571])}{'f1': array([0.99924469]), 'hashcode': 'roberta-large_L17_no-idf_version=0.3.12(hug_trans=4.41.1)', 'precision': array([0.99924469]), 'recall': array([0.99924469])}{'f1': array([0.86204469]), 'hashcode': 'roberta-large_L17_no-idf_version=0.3.12(hug_trans=4.41.1)', 'precision': array([0.86845267]), 'recall': array([0.85573065])}{'f1': array([0.82773304]), 'hashcode': 'roberta-large_L17_no-idf_version=0.3.12(hug_trans=4.41.1)', 'precision': array([0.88621318]), 'recall': array([0.77649319])}{'f1': array([0.99870104]), 'hashcode': 'roberta-large_L17_no-idf_version=0.3.12(hug_trans=4.41.1)', 'precision': array([0.99870104]), 'recall': array([0.99870104])}]","[{'f1': array([0.99930292]), 'hashcode': 'roberta-large_L17_no-idf_version=0.3.12(hug_trans=4.41.1)', 'precision': array([0.99930292]), 'recall': array([0.99930292])}{'f1': array([0.99900746]), 'hashcode': 'roberta-large_L17_no-idf_version=0.3.12(hug_trans=4.41.1)', 'precision': array([0.99900746]), 'recall': array([0.99900746])}{'f1': array([0.862818]), 'hashcode': 'roberta-large_L17_no-idf_version=0.3.12(hug_trans=4.41.1)', 'precision': array([0.86881876]), 'recall': array([0.85689962])}{'f1': array([0.8280409]), 'hashcode': 'roberta-large_L17_no-idf_version=0.3.12(hug_trans=4.41.1)', 'precision': array([0.88673103]), 'recall': array([0.77663749])}{'f1': array([0.99932516]), 'hashcode': 'roberta-large_L17_no-idf_version=0.3.12(hug_trans=4.41.1)', 'precision': array([0.99932516]), 'recall': array([0.99932516])}]",[18.4685489  38.22670703  8.16993464  9.98155421 97.27748649],[ 16.80453233  27.62810268   6.66666667   8.51851852 100.        ],[12.79946303 20.96801347  9.61538462  6.41025641 24.36232776],[27.0256143  37.36202     7.71604938  9.41699176 28.48473044]
"Well, *leave* it up to me, I'll see what I can get I'll get for the party.",['defer' 'give'],bring,give,bring,put,3.5042007,0.22575921,2.4792035,3.8727496,"[{'f1': array([0.99964899]), 'hashcode': 'roberta-large_L17_no-idf_version=0.3.12(hug_trans=4.41.1)', 'precision': array([0.99964899]), 'recall': array([0.99964899])}{'f1': array([0.99962163]), 'hashcode': 'roberta-large_L17_no-idf_version=0.3.12(hug_trans=4.41.1)', 'precision': array([0.99962163]), 'recall': array([0.99962163])}]","[{'f1': array([0.99979419]), 'hashcode': 'roberta-large_L17_no-idf_version=0.3.12(hug_trans=4.41.1)', 'precision': array([0.99979419]), 'recall': array([0.99979419])}{'f1': array([1.00000024]), 'hashcode': 'roberta-large_L17_no-idf_version=0.3.12(hug_trans=4.41.1)', 'precision': array([1.00000024]), 'recall': array([1.00000024])}]","[{'f1': array([0.99964899]), 'hashcode': 'roberta-large_L17_no-idf_version=0.3.12(hug_trans=4.41.1)', 'precision': array([0.99964899]), 'recall': array([0.99964899])}{'f1': array([0.99962163]), 'hashcode': 'roberta-large_L17_no-idf_version=0.3.12(hug_trans=4.41.1)', 'precision': array([0.99962163]), 'recall': array([0.99962163])}]","[{'f1': array([0.99978375]), 'hashcode': 'roberta-large_L17_no-idf_version=0.3.12(hug_trans=4.41.1)', 'precision': array([0.99978375]), 'recall': array([0.99978375])}{'f1': array([0.99974692]), 'hashcode': 'roberta-large_L17_no-idf_version=0.3.12(hug_trans=4.41.1)', 'precision': array([0.99974692]), 'recall': array([0.99974692])}]",[ 4.        11.9047619],[  5.20833333 100.        ],[ 4.        11.9047619],[0. 0.]
"Mum, why aren't you gon na *put* your microphone on.",['turn'],turn,turn,put,put,0.279275,0.23482859,3.6763299,3.7980363,"[{'f1': array([1.00000024]), 'hashcode': 'roberta-large_L17_no-idf_version=0.3.12(hug_trans=4.41.1)', 'precision': array([1.00000024]), 'recall': array([1.00000024])}]","[{'f1': array([1.00000024]), 'hashcode': 'roberta-large_L17_no-idf_version=0.3.12(hug_trans=4.41.1)', 'precision': array([1.00000024]), 'recall': array([1.00000024])}]","[{'f1': array([0.99896073]), 'hashcode': 'roberta-large_L17_no-idf_version=0.3.12(hug_trans=4.41.1)', 'precision': array([0.99896073]), 'recall': array([0.99896073])}]","[{'f1': array([0.99896073]), 'hashcode': 'roberta-large_L17_no-idf_version=0.3.12(hug_trans=4.41.1)', 'precision': array([0.99896073]), 'recall': array([0.99896073])}]",[100.],[100.],[17.54385965],[17.54385965]
"His attention was also caught by a woman dressed in midnight-blue satin and diamonds; the sister of a Middle-Eastern *ruler*, she was known as an audacious gambler.",['leader' 'royal' 'king'],politician,king,boss,star,3.3314025,0.24559128,4.8514543,4.4014077,"[{'f1': array([0.99955982]), 'hashcode': 'roberta-large_L17_no-idf_version=0.3.12(hug_trans=4.41.1)', 'precision': array([0.99955982]), 'recall': array([0.99955982])}{'f1': array([0.99898767]), 'hashcode': 'roberta-large_L17_no-idf_version=0.3.12(hug_trans=4.41.1)', 'precision': array([0.99898767]), 'recall': array([0.99898767])}{'f1': array([0.99795139]), 'hashcode': 'roberta-large_L17_no-idf_version=0.3.12(hug_trans=4.41.1)', 'precision': array([0.99795139]), 'recall': array([0.99795139])}]","[{'f1': array([0.99824142]), 'hashcode': 'roberta-large_L17_no-idf_version=0.3.12(hug_trans=4.41.1)', 'precision': array([0.99824142]), 'recall': array([0.99824142])}{'f1': array([0.99857247]), 'hashcode': 'roberta-large_L17_no-idf_version=0.3.12(hug_trans=4.41.1)', 'precision': array([0.99857247]), 'recall': array([0.99857247])}{'f1': array([1.00000036]), 'hashcode': 'roberta-large_L17_no-idf_version=0.3.12(hug_trans=4.41.1)', 'precision': array([1.00000036]), 'recall': array([1.00000036])}]","[{'f1': array([0.99927241]), 'hashcode': 'roberta-large_L17_no-idf_version=0.3.12(hug_trans=4.41.1)', 'precision': array([0.99927241]), 'recall': array([0.99927241])}{'f1': array([0.99809206]), 'hashcode': 'roberta-large_L17_no-idf_version=0.3.12(hug_trans=4.41.1)', 'precision': array([0.99809206]), 'recall': array([0.99809206])}{'f1': array([0.99782938]), 'hashcode': 'roberta-large_L17_no-idf_version=0.3.12(hug_trans=4.41.1)', 'precision': array([0.99782938]), 'recall': array([0.99782938])}]","[{'f1': array([0.99972832]), 'hashcode': 'roberta-large_L17_no-idf_version=0.3.12(hug_trans=4.41.1)', 'precision': array([0.99972832]), 'recall': array([0.99972832])}{'f1': array([0.99896562]), 'hashcode': 'roberta-large_L17_no-idf_version=0.3.12(hug_trans=4.41.1)', 'precision': array([0.99896562]), 'recall': array([0.99896562])}{'f1': array([0.99830985]), 'hashcode': 'roberta-large_L17_no-idf_version=0.3.12(hug_trans=4.41.1)', 'precision': array([0.99830985]), 'recall': array([0.99830985])}]",[ 4.90196078 10.          9.61538462],[  0.   0. 100.],[0.         5.20833333 0.        ],[ 8.92857143 10.41666667  0.        ]
The ego-identity of that person is *shaped* by these choices.,['formed' 'moulded' 'determined'],determined,determined,dignity,controversy,0.29750684,0.25474334,5.8283396,5.741918,"[{'f1': array([0.99929541]), 'hashcode': 'roberta-large_L17_no-idf_version=0.3.12(hug_trans=4.41.1)', 'precision': array([0.99929541]), 'recall': array([0.99929541])}{'f1': array([0.88409495]), 'hashcode': 'roberta-large_L17_no-idf_version=0.3.12(hug_trans=4.41.1)', 'precision': array([0.91532874]), 'recall': array([0.85492241])}{'f1': array([0.99999982]), 'hashcode': 'roberta-large_L17_no-idf_version=0.3.12(hug_trans=4.41.1)', 'precision': array([0.99999982]), 'recall': array([0.99999982])}]","[{'f1': array([0.99929541]), 'hashcode': 'roberta-large_L17_no-idf_version=0.3.12(hug_trans=4.41.1)', 'precision': array([0.99929541]), 'recall': array([0.99929541])}{'f1': array([0.88409495]), 'hashcode': 'roberta-large_L17_no-idf_version=0.3.12(hug_trans=4.41.1)', 'precision': array([0.91532874]), 'recall': array([0.85492241])}{'f1': array([0.99999982]), 'hashcode': 'roberta-large_L17_no-idf_version=0.3.12(hug_trans=4.41.1)', 'precision': array([0.99999982]), 'recall': array([0.99999982])}]","[{'f1': array([0.99956882]), 'hashcode': 'roberta-large_L17_no-idf_version=0.3.12(hug_trans=4.41.1)', 'precision': array([0.99956882]), 'recall': array([0.99956882])}{'f1': array([0.88027936]), 'hashcode': 'roberta-large_L17_no-idf_version=0.3.12(hug_trans=4.41.1)', 'precision': array([0.91143036]), 'recall': array([0.85118729])}{'f1': array([0.99906921]), 'hashcode': 'roberta-large_L17_no-idf_version=0.3.12(hug_trans=4.41.1)', 'precision': array([0.99906921]), 'recall': array([0.99906921])}]","[{'f1': array([0.99940252]), 'hashcode': 'roberta-large_L17_no-idf_version=0.3.12(hug_trans=4.41.1)', 'precision': array([0.99940252]), 'recall': array([0.99940252])}{'f1': array([0.88065791]), 'hashcode': 'roberta-large_L17_no-idf_version=0.3.12(hug_trans=4.41.1)', 'precision': array([0.9116177]), 'recall': array([0.85173202])}{'f1': array([0.99912775]), 'hashcode': 'roberta-large_L17_no-idf_version=0.3.12(hug_trans=4.41.1)', 'precision': array([0.99912775]), 'recall': array([0.99912775])}]",[ 15.55555556  13.82392683 100.        ],[ 15.55555556  13.82392683 100.        ],[2.68817204 2.38095238 7.09219858],[7.14285714 4.27350427 8.34756618]
"The Masai, Sentue, finds this *hard* to believe.",['difficult'],difficult,difficult,difficult,difficult,0.3358879,0.27629283,1.2383459,1.596448,"[{'f1': array([0.99999988]), 'hashcode': 'roberta-large_L17_no-idf_version=0.3.12(hug_trans=4.41.1)', 'precision': array([0.99999988]), 'recall': array([0.99999988])}]","[{'f1': array([0.99999988]), 'hashcode': 'roberta-large_L17_no-idf_version=0.3.12(hug_trans=4.41.1)', 'precision': array([0.99999988]), 'recall': array([0.99999988])}]","[{'f1': array([0.99999988]), 'hashcode': 'roberta-large_L17_no-idf_version=0.3.12(hug_trans=4.41.1)', 'precision': array([0.99999988]), 'recall': array([0.99999988])}]","[{'f1': array([0.99999988]), 'hashcode': 'roberta-large_L17_no-idf_version=0.3.12(hug_trans=4.41.1)', 'precision': array([0.99999988]), 'recall': array([0.99999988])}]",[100.],[100.],[100.],[100.]
"I don't know mate, o I only know that that's *take* us Ann and Paul and Ann and John and all them all doing all the others so",['bring'],a,all,bring,get,4.5939803,4.9876466,0.538614,2.4660583,"[{'f1': array([0.99830955]), 'hashcode': 'roberta-large_L17_no-idf_version=0.3.12(hug_trans=4.41.1)', 'precision': array([0.99830955]), 'recall': array([0.99830955])}]","[{'f1': array([0.9996084]), 'hashcode': 'roberta-large_L17_no-idf_version=0.3.12(hug_trans=4.41.1)', 'precision': array([0.9996084]), 'recall': array([0.9996084])}]","[{'f1': array([0.99999994]), 'hashcode': 'roberta-large_L17_no-idf_version=0.3.12(hug_trans=4.41.1)', 'precision': array([0.99999994]), 'recall': array([0.99999994])}]","[{'f1': array([0.99966598]), 'hashcode': 'roberta-large_L17_no-idf_version=0.3.12(hug_trans=4.41.1)', 'precision': array([0.99966598]), 'recall': array([0.99966598])}]",[0.],[0.],[100.],[7.24637681]
"This leaves the Energy Secretary, Mr John Wakeham, with two options: he can either agree to underwrite any cost escalations in nuclear handling costs after privatisation, or he can swallow his pride, and *pull* all nuclear plant out of the impending sale.",['remove' 'withdraw' 'gather' 'bring'],take,take,bring,put,2.4913132,2.6037285,0.538614,3.971303,"[{'f1': array([0.99913162]), 'hashcode': 'roberta-large_L17_no-idf_version=0.3.12(hug_trans=4.41.1)', 'precision': array([0.99913162]), 'recall': array([0.99913162])}{'f1': array([0.99897093]), 'hashcode': 'roberta-large_L17_no-idf_version=0.3.12(hug_trans=4.41.1)', 'precision': array([0.99897093]), 'recall': array([0.99897093])}{'f1': array([0.99921191]), 'hashcode': 'roberta-large_L17_no-idf_version=0.3.12(hug_trans=4.41.1)', 'precision': array([0.99921191]), 'recall': array([0.99921191])}{'f1': array([0.99981999]), 'hashcode': 'roberta-large_L17_no-idf_version=0.3.12(hug_trans=4.41.1)', 'precision': array([0.99981999]), 'recall': array([0.99981999])}]","[{'f1': array([0.99913162]), 'hashcode': 'roberta-large_L17_no-idf_version=0.3.12(hug_trans=4.41.1)', 'precision': array([0.99913162]), 'recall': array([0.99913162])}{'f1': array([0.99897093]), 'hashcode': 'roberta-large_L17_no-idf_version=0.3.12(hug_trans=4.41.1)', 'precision': array([0.99897093]), 'recall': array([0.99897093])}{'f1': array([0.99921191]), 'hashcode': 'roberta-large_L17_no-idf_version=0.3.12(hug_trans=4.41.1)', 'precision': array([0.99921191]), 'recall': array([0.99921191])}{'f1': array([0.99981999]), 'hashcode': 'roberta-large_L17_no-idf_version=0.3.12(hug_trans=4.41.1)', 'precision': array([0.99981999]), 'recall': array([0.99981999])}]","[{'f1': array([0.99889576]), 'hashcode': 'roberta-large_L17_no-idf_version=0.3.12(hug_trans=4.41.1)', 'precision': array([0.99889576]), 'recall': array([0.99889576])}{'f1': array([0.9989816]), 'hashcode': 'roberta-large_L17_no-idf_version=0.3.12(hug_trans=4.41.1)', 'precision': array([0.9989816]), 'recall': array([0.9989816])}{'f1': array([0.9990868]), 'hashcode': 'roberta-large_L17_no-idf_version=0.3.12(hug_trans=4.41.1)', 'precision': array([0.9990868]), 'recall': array([0.9990868])}{'f1': array([0.99999994]), 'hashcode': 'roberta-large_L17_no-idf_version=0.3.12(hug_trans=4.41.1)', 'precision': array([0.99999994]), 'recall': array([0.99999994])}]","[{'f1': array([0.99924088]), 'hashcode': 'roberta-large_L17_no-idf_version=0.3.12(hug_trans=4.41.1)', 'precision': array([0.99924088]), 'recall': array([0.99924088])}{'f1': array([0.99936891]), 'hashcode': 'roberta-large_L17_no-idf_version=0.3.12(hug_trans=4.41.1)', 'precision': array([0.99936891]), 'recall': array([0.99936891])}{'f1': array([0.99932551]), 'hashcode': 'roberta-large_L17_no-idf_version=0.3.12(hug_trans=4.41.1)', 'precision': array([0.99932551]), 'recall': array([0.99932551])}{'f1': array([0.99974978]), 'hashcode': 'roberta-large_L17_no-idf_version=0.3.12(hug_trans=4.41.1)', 'precision': array([0.99974978]), 'recall': array([0.99974978])}]",[ 4.46428571  6.94444444 13.39285714  0.        ],[ 4.46428571  6.94444444 13.39285714  0.        ],[  3.44827586   5.40540541   6.89655172 100.        ],[0.         4.76190476 6.17283951 0.        ]
"Nevertheless, most schools consider they are already providing equal opportunities by *neutral* treatment of the two sexes (Bloomfield, 1984).",['equal' 'impartial' 'unprejudiced'],neutral,neutral,neutral,unbiased,1.9116964,1.8446784,0.62475497,0.8056929,"[{'f1': array([0.99832892]), 'hashcode': 'roberta-large_L17_no-idf_version=0.3.12(hug_trans=4.41.1)', 'precision': array([0.99832892]), 'recall': array([0.99832892])}{'f1': array([0.99857092]), 'hashcode': 'roberta-large_L17_no-idf_version=0.3.12(hug_trans=4.41.1)', 'precision': array([0.99857092]), 'recall': array([0.99857092])}{'f1': array([0.80924642]), 'hashcode': 'roberta-large_L17_no-idf_version=0.3.12(hug_trans=4.41.1)', 'precision': array([0.87429869]), 'recall': array([0.75320423])}]","[{'f1': array([0.99832892]), 'hashcode': 'roberta-large_L17_no-idf_version=0.3.12(hug_trans=4.41.1)', 'precision': array([0.99832892]), 'recall': array([0.99832892])}{'f1': array([0.99857092]), 'hashcode': 'roberta-large_L17_no-idf_version=0.3.12(hug_trans=4.41.1)', 'precision': array([0.99857092]), 'recall': array([0.99857092])}{'f1': array([0.80924642]), 'hashcode': 'roberta-large_L17_no-idf_version=0.3.12(hug_trans=4.41.1)', 'precision': array([0.87429869]), 'recall': array([0.75320423])}]","[{'f1': array([0.99832892]), 'hashcode': 'roberta-large_L17_no-idf_version=0.3.12(hug_trans=4.41.1)', 'precision': array([0.99832892]), 'recall': array([0.99832892])}{'f1': array([0.99857092]), 'hashcode': 'roberta-large_L17_no-idf_version=0.3.12(hug_trans=4.41.1)', 'precision': array([0.99857092]), 'recall': array([0.99857092])}{'f1': array([0.80924642]), 'hashcode': 'roberta-large_L17_no-idf_version=0.3.12(hug_trans=4.41.1)', 'precision': array([0.87429869]), 'recall': array([0.75320423])}]","[{'f1': array([0.99914724]), 'hashcode': 'roberta-large_L17_no-idf_version=0.3.12(hug_trans=4.41.1)', 'precision': array([0.99914724]), 'recall': array([0.99914724])}{'f1': array([0.99928164]), 'hashcode': 'roberta-large_L17_no-idf_version=0.3.12(hug_trans=4.41.1)', 'precision': array([0.99928164]), 'recall': array([0.99928164])}{'f1': array([0.81092143]), 'hashcode': 'roberta-large_L17_no-idf_version=0.3.12(hug_trans=4.41.1)', 'precision': array([0.8773573]), 'recall': array([0.75383872])}]",[19.36347412  9.94522692  6.06060606],[19.36347412  9.94522692  6.06060606],[19.36347412  9.94522692  6.06060606],[10.71428571  5.92468114 10.70904567]
"When Raymond of Toulouse, Robert II of Flanders, Robert Curthose, Stephen of Blois, and Hugh of Vermandois responded to the call, past and present members of their military households fell almost automatically into rank behind them, to test themselves against terrible dangers, but also to enjoy the companionship in arms, the adventure, the deeds of daring which were the *stuff* of the chansons de geste.",['trademark' 'credentials' 'tales' 'goods' 'victors' 'things'],suffocating,suffocating,things,stuff,4.704421,4.5618668,0.7403992,1.1921796,"[{'f1': array([0.85140622]), 'hashcode': 'roberta-large_L17_no-idf_version=0.3.12(hug_trans=4.41.1)', 'precision': array([0.81249833]), 'recall': array([0.89422786])}{'f1': array([0.85112691]), 'hashcode': 'roberta-large_L17_no-idf_version=0.3.12(hug_trans=4.41.1)', 'precision': array([0.81171036]), 'recall': array([0.89456701])}{'f1': array([0.85201865]), 'hashcode': 'roberta-large_L17_no-idf_version=0.3.12(hug_trans=4.41.1)', 'precision': array([0.81243747]), 'recall': array([0.89565414])}{'f1': array([0.84929723]), 'hashcode': 'roberta-large_L17_no-idf_version=0.3.12(hug_trans=4.41.1)', 'precision': array([0.81046742]), 'recall': array([0.89203489])}{'f1': array([0.84622419]), 'hashcode': 'roberta-large_L17_no-idf_version=0.3.12(hug_trans=4.41.1)', 'precision': array([0.85083175]), 'recall': array([0.84166634])}{'f1': array([0.8516314]), 'hashcode': 'roberta-large_L17_no-idf_version=0.3.12(hug_trans=4.41.1)', 'precision': array([0.81252646]), 'recall': array([0.89469075])}]","[{'f1': array([0.85140622]), 'hashcode': 'roberta-large_L17_no-idf_version=0.3.12(hug_trans=4.41.1)', 'precision': array([0.81249833]), 'recall': array([0.89422786])}{'f1': array([0.85112691]), 'hashcode': 'roberta-large_L17_no-idf_version=0.3.12(hug_trans=4.41.1)', 'precision': array([0.81171036]), 'recall': array([0.89456701])}{'f1': array([0.85201865]), 'hashcode': 'roberta-large_L17_no-idf_version=0.3.12(hug_trans=4.41.1)', 'precision': array([0.81243747]), 'recall': array([0.89565414])}{'f1': array([0.84929723]), 'hashcode': 'roberta-large_L17_no-idf_version=0.3.12(hug_trans=4.41.1)', 'precision': array([0.81046742]), 'recall': array([0.89203489])}{'f1': array([0.84622419]), 'hashcode': 'roberta-large_L17_no-idf_version=0.3.12(hug_trans=4.41.1)', 'precision': array([0.85083175]), 'recall': array([0.84166634])}{'f1': array([0.8516314]), 'hashcode': 'roberta-large_L17_no-idf_version=0.3.12(hug_trans=4.41.1)', 'precision': array([0.81252646]), 'recall': array([0.89469075])}]","[{'f1': array([0.99845719]), 'hashcode': 'roberta-large_L17_no-idf_version=0.3.12(hug_trans=4.41.1)', 'precision': array([0.99845719]), 'recall': array([0.99845719])}{'f1': array([0.99879211]), 'hashcode': 'roberta-large_L17_no-idf_version=0.3.12(hug_trans=4.41.1)', 'precision': array([0.99879211]), 'recall': array([0.99879211])}{'f1': array([0.99895012]), 'hashcode': 'roberta-large_L17_no-idf_version=0.3.12(hug_trans=4.41.1)', 'precision': array([0.99895012]), 'recall': array([0.99895012])}{'f1': array([0.99926507]), 'hashcode': 'roberta-large_L17_no-idf_version=0.3.12(hug_trans=4.41.1)', 'precision': array([0.99926507]), 'recall': array([0.99926507])}{'f1': array([0.87005848]), 'hashcode': 'roberta-large_L17_no-idf_version=0.3.12(hug_trans=4.41.1)', 'precision': array([0.91759253]), 'recall': array([0.82720661])}{'f1': array([1.00000036]), 'hashcode': 'roberta-large_L17_no-idf_version=0.3.12(hug_trans=4.41.1)', 'precision': array([1.00000036]), 'recall': array([1.00000036])}]","[{'f1': array([0.98370039]), 'hashcode': 'roberta-large_L17_no-idf_version=0.3.12(hug_trans=4.41.1)', 'precision': array([0.98370039]), 'recall': array([0.98370039])}{'f1': array([0.98217028]), 'hashcode': 'roberta-large_L17_no-idf_version=0.3.12(hug_trans=4.41.1)', 'precision': array([0.98217028]), 'recall': array([0.98217028])}{'f1': array([0.98150015]), 'hashcode': 'roberta-large_L17_no-idf_version=0.3.12(hug_trans=4.41.1)', 'precision': array([0.98150015]), 'recall': array([0.98150015])}{'f1': array([0.98107636]), 'hashcode': 'roberta-large_L17_no-idf_version=0.3.12(hug_trans=4.41.1)', 'precision': array([0.98107636]), 'recall': array([0.98107636])}{'f1': array([0.85866529]), 'hashcode': 'roberta-large_L17_no-idf_version=0.3.12(hug_trans=4.41.1)', 'precision': array([0.90317321]), 'recall': array([0.81833804])}{'f1': array([0.98301387]), 'hashcode': 'roberta-large_L17_no-idf_version=0.3.12(hug_trans=4.41.1)', 'precision': array([0.98301387]), 'recall': array([0.98301387])}]",[ 3.54609929 10.75757576  9.67741935  9.67741935 10.68376068 20.81929168],[ 3.54609929 10.75757576  9.67741935  9.67741935 10.68376068 20.81929168],"[  1.98412698   6.66666667   7.69230769   7.69230769   7.35294118
 100.        ]",[2.43902439 4.08163265 8.         4.         6.06060606 6.89655172]
"In the dialectical perspective, we encounter these *objects* as productions which are human and provided with a future … thus they seem by themselves to be totalizations in process.",['items' 'articles' 'subjects' 'things'],objects,objects,things,things,4.025435,4.0529513,0.7403992,1.3030001,"[{'f1': array([0.93555343]), 'hashcode': 'roberta-large_L17_no-idf_version=0.3.12(hug_trans=4.41.1)', 'precision': array([0.93555343]), 'recall': array([0.93555343])}{'f1': array([0.99842757]), 'hashcode': 'roberta-large_L17_no-idf_version=0.3.12(hug_trans=4.41.1)', 'precision': array([0.99842757]), 'recall': array([0.99842757])}{'f1': array([0.99748784]), 'hashcode': 'roberta-large_L17_no-idf_version=0.3.12(hug_trans=4.41.1)', 'precision': array([0.99748784]), 'recall': array([0.99748784])}{'f1': array([0.99941909]), 'hashcode': 'roberta-large_L17_no-idf_version=0.3.12(hug_trans=4.41.1)', 'precision': array([0.99941909]), 'recall': array([0.99941909])}]","[{'f1': array([0.93555343]), 'hashcode': 'roberta-large_L17_no-idf_version=0.3.12(hug_trans=4.41.1)', 'precision': array([0.93555343]), 'recall': array([0.93555343])}{'f1': array([0.99842757]), 'hashcode': 'roberta-large_L17_no-idf_version=0.3.12(hug_trans=4.41.1)', 'precision': array([0.99842757]), 'recall': array([0.99842757])}{'f1': array([0.99748784]), 'hashcode': 'roberta-large_L17_no-idf_version=0.3.12(hug_trans=4.41.1)', 'precision': array([0.99748784]), 'recall': array([0.99748784])}{'f1': array([0.99941909]), 'hashcode': 'roberta-large_L17_no-idf_version=0.3.12(hug_trans=4.41.1)', 'precision': array([0.99941909]), 'recall': array([0.99941909])}]","[{'f1': array([0.93668765]), 'hashcode': 'roberta-large_L17_no-idf_version=0.3.12(hug_trans=4.41.1)', 'precision': array([0.93668765]), 'recall': array([0.93668765])}{'f1': array([0.99860245]), 'hashcode': 'roberta-large_L17_no-idf_version=0.3.12(hug_trans=4.41.1)', 'precision': array([0.99860245]), 'recall': array([0.99860245])}{'f1': array([0.99751616]), 'hashcode': 'roberta-large_L17_no-idf_version=0.3.12(hug_trans=4.41.1)', 'precision': array([0.99751616]), 'recall': array([0.99751616])}{'f1': array([1.00000036]), 'hashcode': 'roberta-large_L17_no-idf_version=0.3.12(hug_trans=4.41.1)', 'precision': array([1.00000036]), 'recall': array([1.00000036])}]","[{'f1': array([0.93668765]), 'hashcode': 'roberta-large_L17_no-idf_version=0.3.12(hug_trans=4.41.1)', 'precision': array([0.93668765]), 'recall': array([0.93668765])}{'f1': array([0.99860245]), 'hashcode': 'roberta-large_L17_no-idf_version=0.3.12(hug_trans=4.41.1)', 'precision': array([0.99860245]), 'recall': array([0.99860245])}{'f1': array([0.99751616]), 'hashcode': 'roberta-large_L17_no-idf_version=0.3.12(hug_trans=4.41.1)', 'precision': array([0.99751616]), 'recall': array([0.99751616])}{'f1': array([1.00000036]), 'hashcode': 'roberta-large_L17_no-idf_version=0.3.12(hug_trans=4.41.1)', 'precision': array([1.00000036]), 'recall': array([1.00000036])}]",[11.11111111  8.54700855 61.76733754  5.37634409],[11.11111111  8.54700855 61.76733754  5.37634409],[ 11.53846154   6.57894737   4.38596491 100.        ],[ 11.53846154   6.57894737   4.38596491 100.        ]
Gone a *funny* shape.,['odd' 'amusing' 'goofy' 'weird'],beautiful,beautiful,weird,funny,5.9194026,5.8676,0.8097702,1.7471552,"[{'f1': array([0.99935615]), 'hashcode': 'roberta-large_L17_no-idf_version=0.3.12(hug_trans=4.41.1)', 'precision': array([0.99935615]), 'recall': array([0.99935615])}{'f1': array([0.9994117]), 'hashcode': 'roberta-large_L17_no-idf_version=0.3.12(hug_trans=4.41.1)', 'precision': array([0.9994117]), 'recall': array([0.9994117])}{'f1': array([0.99944878]), 'hashcode': 'roberta-large_L17_no-idf_version=0.3.12(hug_trans=4.41.1)', 'precision': array([0.99944878]), 'recall': array([0.99944878])}{'f1': array([0.99947202]), 'hashcode': 'roberta-large_L17_no-idf_version=0.3.12(hug_trans=4.41.1)', 'precision': array([0.99947202]), 'recall': array([0.99947202])}]","[{'f1': array([0.99935615]), 'hashcode': 'roberta-large_L17_no-idf_version=0.3.12(hug_trans=4.41.1)', 'precision': array([0.99935615]), 'recall': array([0.99935615])}{'f1': array([0.9994117]), 'hashcode': 'roberta-large_L17_no-idf_version=0.3.12(hug_trans=4.41.1)', 'precision': array([0.9994117]), 'recall': array([0.9994117])}{'f1': array([0.99944878]), 'hashcode': 'roberta-large_L17_no-idf_version=0.3.12(hug_trans=4.41.1)', 'precision': array([0.99944878]), 'recall': array([0.99944878])}{'f1': array([0.99947202]), 'hashcode': 'roberta-large_L17_no-idf_version=0.3.12(hug_trans=4.41.1)', 'precision': array([0.99947202]), 'recall': array([0.99947202])}]","[{'f1': array([0.99967092]), 'hashcode': 'roberta-large_L17_no-idf_version=0.3.12(hug_trans=4.41.1)', 'precision': array([0.99967092]), 'recall': array([0.99967092])}{'f1': array([0.9994722]), 'hashcode': 'roberta-large_L17_no-idf_version=0.3.12(hug_trans=4.41.1)', 'precision': array([0.9994722]), 'recall': array([0.9994722])}{'f1': array([0.99964023]), 'hashcode': 'roberta-large_L17_no-idf_version=0.3.12(hug_trans=4.41.1)', 'precision': array([0.99964023]), 'recall': array([0.99964023])}{'f1': array([1.00000012]), 'hashcode': 'roberta-large_L17_no-idf_version=0.3.12(hug_trans=4.41.1)', 'precision': array([1.00000012]), 'recall': array([1.00000012])}]","[{'f1': array([0.99919254]), 'hashcode': 'roberta-large_L17_no-idf_version=0.3.12(hug_trans=4.41.1)', 'precision': array([0.99919254]), 'recall': array([0.99919254])}{'f1': array([0.99945623]), 'hashcode': 'roberta-large_L17_no-idf_version=0.3.12(hug_trans=4.41.1)', 'precision': array([0.99945623]), 'recall': array([0.99945623])}{'f1': array([0.99960768]), 'hashcode': 'roberta-large_L17_no-idf_version=0.3.12(hug_trans=4.41.1)', 'precision': array([0.99960768]), 'recall': array([0.99960768])}{'f1': array([0.99940962]), 'hashcode': 'roberta-large_L17_no-idf_version=0.3.12(hug_trans=4.41.1)', 'precision': array([0.99940962]), 'recall': array([0.99940962])}]",[0.         6.75675676 3.44827586 6.89655172],[0.         6.75675676 3.44827586 6.89655172],[  9.80392157   3.03030303   0.         100.        ],[0.         6.06060606 8.         0.        ]
The small light beneath the receiver rests showed that the line was *working*.,['functioning' 'operable' 'operational' 'running'],running,running,running,running,0.5569858,0.54678106,0.8703134,1.4425737,"[{'f1': array([0.99926734]), 'hashcode': 'roberta-large_L17_no-idf_version=0.3.12(hug_trans=4.41.1)', 'precision': array([0.99926734]), 'recall': array([0.99926734])}{'f1': array([0.88127297]), 'hashcode': 'roberta-large_L17_no-idf_version=0.3.12(hug_trans=4.41.1)', 'precision': array([0.92167228]), 'recall': array([0.84426647])}{'f1': array([0.99873281]), 'hashcode': 'roberta-large_L17_no-idf_version=0.3.12(hug_trans=4.41.1)', 'precision': array([0.99873281]), 'recall': array([0.99873281])}{'f1': array([1.00000012]), 'hashcode': 'roberta-large_L17_no-idf_version=0.3.12(hug_trans=4.41.1)', 'precision': array([1.00000012]), 'recall': array([1.00000012])}]","[{'f1': array([0.99926734]), 'hashcode': 'roberta-large_L17_no-idf_version=0.3.12(hug_trans=4.41.1)', 'precision': array([0.99926734]), 'recall': array([0.99926734])}{'f1': array([0.88127297]), 'hashcode': 'roberta-large_L17_no-idf_version=0.3.12(hug_trans=4.41.1)', 'precision': array([0.92167228]), 'recall': array([0.84426647])}{'f1': array([0.99873281]), 'hashcode': 'roberta-large_L17_no-idf_version=0.3.12(hug_trans=4.41.1)', 'precision': array([0.99873281]), 'recall': array([0.99873281])}{'f1': array([1.00000012]), 'hashcode': 'roberta-large_L17_no-idf_version=0.3.12(hug_trans=4.41.1)', 'precision': array([1.00000012]), 'recall': array([1.00000012])}]","[{'f1': array([0.99926734]), 'hashcode': 'roberta-large_L17_no-idf_version=0.3.12(hug_trans=4.41.1)', 'precision': array([0.99926734]), 'recall': array([0.99926734])}{'f1': array([0.88127297]), 'hashcode': 'roberta-large_L17_no-idf_version=0.3.12(hug_trans=4.41.1)', 'precision': array([0.92167228]), 'recall': array([0.84426647])}{'f1': array([0.99873281]), 'hashcode': 'roberta-large_L17_no-idf_version=0.3.12(hug_trans=4.41.1)', 'precision': array([0.99873281]), 'recall': array([0.99873281])}{'f1': array([1.00000012]), 'hashcode': 'roberta-large_L17_no-idf_version=0.3.12(hug_trans=4.41.1)', 'precision': array([1.00000012]), 'recall': array([1.00000012])}]","[{'f1': array([0.99926734]), 'hashcode': 'roberta-large_L17_no-idf_version=0.3.12(hug_trans=4.41.1)', 'precision': array([0.99926734]), 'recall': array([0.99926734])}{'f1': array([0.88127297]), 'hashcode': 'roberta-large_L17_no-idf_version=0.3.12(hug_trans=4.41.1)', 'precision': array([0.92167228]), 'recall': array([0.84426647])}{'f1': array([0.99873281]), 'hashcode': 'roberta-large_L17_no-idf_version=0.3.12(hug_trans=4.41.1)', 'precision': array([0.99873281]), 'recall': array([0.99873281])}{'f1': array([1.00000012]), 'hashcode': 'roberta-large_L17_no-idf_version=0.3.12(hug_trans=4.41.1)', 'precision': array([1.00000012]), 'recall': array([1.00000012])}]",[ 23.44527618   2.13675214   4.90196078 100.        ],[ 23.44527618   2.13675214   4.90196078 100.        ],[ 23.44527618   2.13675214   4.90196078 100.        ],[ 23.44527618   2.13675214   4.90196078 100.        ]
"Now the nearest tree is an enormous trunk, *struck* by lightning and sawed-off.",['hit'],smashed,smashed,hit,bitten,1.7792695,1.6673068,0.88881,1.9647495,"[{'f1': array([0.9984504]), 'hashcode': 'roberta-large_L17_no-idf_version=0.3.12(hug_trans=4.41.1)', 'precision': array([0.9984504]), 'recall': array([0.9984504])}]","[{'f1': array([0.9984504]), 'hashcode': 'roberta-large_L17_no-idf_version=0.3.12(hug_trans=4.41.1)', 'precision': array([0.9984504]), 'recall': array([0.9984504])}]","[{'f1': array([1.]), 'hashcode': 'roberta-large_L17_no-idf_version=0.3.12(hug_trans=4.41.1)', 'precision': array([1.]), 'recall': array([1.])}]","[{'f1': array([0.99832618]), 'hashcode': 'roberta-large_L17_no-idf_version=0.3.12(hug_trans=4.41.1)', 'precision': array([0.99832618]), 'recall': array([0.99832618])}]",[8.77192982],[8.77192982],[100.],[31.42536476]
Somebody was looking after me cos I shouldn't have *got* out and I did.,['gone' 'went'],gone,gone,went,got,2.5718212,2.433036,0.8945306,3.0921385,"[{'f1': array([1.]), 'hashcode': 'roberta-large_L17_no-idf_version=0.3.12(hug_trans=4.41.1)', 'precision': array([1.]), 'recall': array([1.])}{'f1': array([0.99949133]), 'hashcode': 'roberta-large_L17_no-idf_version=0.3.12(hug_trans=4.41.1)', 'precision': array([0.99949133]), 'recall': array([0.99949133])}]","[{'f1': array([1.]), 'hashcode': 'roberta-large_L17_no-idf_version=0.3.12(hug_trans=4.41.1)', 'precision': array([1.]), 'recall': array([1.])}{'f1': array([0.99949133]), 'hashcode': 'roberta-large_L17_no-idf_version=0.3.12(hug_trans=4.41.1)', 'precision': array([0.99949133]), 'recall': array([0.99949133])}]","[{'f1': array([0.99949133]), 'hashcode': 'roberta-large_L17_no-idf_version=0.3.12(hug_trans=4.41.1)', 'precision': array([0.99949133]), 'recall': array([0.99949133])}{'f1': array([0.99999988]), 'hashcode': 'roberta-large_L17_no-idf_version=0.3.12(hug_trans=4.41.1)', 'precision': array([0.99999988]), 'recall': array([0.99999988])}]","[{'f1': array([0.99951911]), 'hashcode': 'roberta-large_L17_no-idf_version=0.3.12(hug_trans=4.41.1)', 'precision': array([0.99951911]), 'recall': array([0.99951911])}{'f1': array([0.99971896]), 'hashcode': 'roberta-large_L17_no-idf_version=0.3.12(hug_trans=4.41.1)', 'precision': array([0.99971896]), 'recall': array([0.99971896])}]",[100.   12.5],[100.   12.5],[ 12.5 100. ],[29.46127946  8.77192982]
"Now Holt and Harris both have many *wise*, enlightened and humane observations to make about some of the injustices which we inflict upon children, but as these remarks show, putting them right without inflicting equally grave injustice is no easy matter.",['clever' 'intelligent' 'thoughtful' 'smart'],wise,wise,smart,wise,1.4754298,1.5571218,0.9122362,2.7607844,"[{'f1': array([0.99899948]), 'hashcode': 'roberta-large_L17_no-idf_version=0.3.12(hug_trans=4.41.1)', 'precision': array([0.99899948]), 'recall': array([0.99899948])}{'f1': array([0.99923486]), 'hashcode': 'roberta-large_L17_no-idf_version=0.3.12(hug_trans=4.41.1)', 'precision': array([0.99923486]), 'recall': array([0.99923486])}{'f1': array([0.99901617]), 'hashcode': 'roberta-large_L17_no-idf_version=0.3.12(hug_trans=4.41.1)', 'precision': array([0.99901617]), 'recall': array([0.99901617])}{'f1': array([0.99939406]), 'hashcode': 'roberta-large_L17_no-idf_version=0.3.12(hug_trans=4.41.1)', 'precision': array([0.99939406]), 'recall': array([0.99939406])}]","[{'f1': array([0.99899948]), 'hashcode': 'roberta-large_L17_no-idf_version=0.3.12(hug_trans=4.41.1)', 'precision': array([0.99899948]), 'recall': array([0.99899948])}{'f1': array([0.99923486]), 'hashcode': 'roberta-large_L17_no-idf_version=0.3.12(hug_trans=4.41.1)', 'precision': array([0.99923486]), 'recall': array([0.99923486])}{'f1': array([0.99901617]), 'hashcode': 'roberta-large_L17_no-idf_version=0.3.12(hug_trans=4.41.1)', 'precision': array([0.99901617]), 'recall': array([0.99901617])}{'f1': array([0.99939406]), 'hashcode': 'roberta-large_L17_no-idf_version=0.3.12(hug_trans=4.41.1)', 'precision': array([0.99939406]), 'recall': array([0.99939406])}]","[{'f1': array([0.99931252]), 'hashcode': 'roberta-large_L17_no-idf_version=0.3.12(hug_trans=4.41.1)', 'precision': array([0.99931252]), 'recall': array([0.99931252])}{'f1': array([0.99952173]), 'hashcode': 'roberta-large_L17_no-idf_version=0.3.12(hug_trans=4.41.1)', 'precision': array([0.99952173]), 'recall': array([0.99952173])}{'f1': array([0.99929231]), 'hashcode': 'roberta-large_L17_no-idf_version=0.3.12(hug_trans=4.41.1)', 'precision': array([0.99929231]), 'recall': array([0.99929231])}{'f1': array([0.99999982]), 'hashcode': 'roberta-large_L17_no-idf_version=0.3.12(hug_trans=4.41.1)', 'precision': array([0.99999982]), 'recall': array([0.99999982])}]","[{'f1': array([0.99899948]), 'hashcode': 'roberta-large_L17_no-idf_version=0.3.12(hug_trans=4.41.1)', 'precision': array([0.99899948]), 'recall': array([0.99899948])}{'f1': array([0.99923486]), 'hashcode': 'roberta-large_L17_no-idf_version=0.3.12(hug_trans=4.41.1)', 'precision': array([0.99923486]), 'recall': array([0.99923486])}{'f1': array([0.99901617]), 'hashcode': 'roberta-large_L17_no-idf_version=0.3.12(hug_trans=4.41.1)', 'precision': array([0.99901617]), 'recall': array([0.99901617])}{'f1': array([0.99939406]), 'hashcode': 'roberta-large_L17_no-idf_version=0.3.12(hug_trans=4.41.1)', 'precision': array([0.99939406]), 'recall': array([0.99939406])}]",[4.46428571 5.20833333 0.         5.20833333],[4.46428571 5.20833333 0.         5.20833333],[  3.44827586   2.04081633   2.22222222 100.        ],[4.46428571 5.20833333 0.         5.20833333]
"Fight back those tears at The Inevitable Parting: ‘You and me, boy, I reckon we've come to the end of our *road*.’",['journey' 'line' 'path' 'street'],road,road,road,road,3.094801,3.2787755,1.1664821,0.570056,"[{'f1': array([0.99957478]), 'hashcode': 'roberta-large_L17_no-idf_version=0.3.12(hug_trans=4.41.1)', 'precision': array([0.99957478]), 'recall': array([0.99957478])}{'f1': array([0.99241608]), 'hashcode': 'roberta-large_L17_no-idf_version=0.3.12(hug_trans=4.41.1)', 'precision': array([0.99241608]), 'recall': array([0.99241608])}{'f1': array([0.99865156]), 'hashcode': 'roberta-large_L17_no-idf_version=0.3.12(hug_trans=4.41.1)', 'precision': array([0.99865156]), 'recall': array([0.99865156])}{'f1': array([0.99862993]), 'hashcode': 'roberta-large_L17_no-idf_version=0.3.12(hug_trans=4.41.1)', 'precision': array([0.99862993]), 'recall': array([0.99862993])}]","[{'f1': array([0.99957478]), 'hashcode': 'roberta-large_L17_no-idf_version=0.3.12(hug_trans=4.41.1)', 'precision': array([0.99957478]), 'recall': array([0.99957478])}{'f1': array([0.99241608]), 'hashcode': 'roberta-large_L17_no-idf_version=0.3.12(hug_trans=4.41.1)', 'precision': array([0.99241608]), 'recall': array([0.99241608])}{'f1': array([0.99865156]), 'hashcode': 'roberta-large_L17_no-idf_version=0.3.12(hug_trans=4.41.1)', 'precision': array([0.99865156]), 'recall': array([0.99865156])}{'f1': array([0.99862993]), 'hashcode': 'roberta-large_L17_no-idf_version=0.3.12(hug_trans=4.41.1)', 'precision': array([0.99862993]), 'recall': array([0.99862993])}]","[{'f1': array([0.99957478]), 'hashcode': 'roberta-large_L17_no-idf_version=0.3.12(hug_trans=4.41.1)', 'precision': array([0.99957478]), 'recall': array([0.99957478])}{'f1': array([0.99241608]), 'hashcode': 'roberta-large_L17_no-idf_version=0.3.12(hug_trans=4.41.1)', 'precision': array([0.99241608]), 'recall': array([0.99241608])}{'f1': array([0.99865156]), 'hashcode': 'roberta-large_L17_no-idf_version=0.3.12(hug_trans=4.41.1)', 'precision': array([0.99865156]), 'recall': array([0.99865156])}{'f1': array([0.99862993]), 'hashcode': 'roberta-large_L17_no-idf_version=0.3.12(hug_trans=4.41.1)', 'precision': array([0.99862993]), 'recall': array([0.99862993])}]","[{'f1': array([0.99957478]), 'hashcode': 'roberta-large_L17_no-idf_version=0.3.12(hug_trans=4.41.1)', 'precision': array([0.99957478]), 'recall': array([0.99957478])}{'f1': array([0.99241608]), 'hashcode': 'roberta-large_L17_no-idf_version=0.3.12(hug_trans=4.41.1)', 'precision': array([0.99241608]), 'recall': array([0.99241608])}{'f1': array([0.99865156]), 'hashcode': 'roberta-large_L17_no-idf_version=0.3.12(hug_trans=4.41.1)', 'precision': array([0.99865156]), 'recall': array([0.99865156])}{'f1': array([0.99862993]), 'hashcode': 'roberta-large_L17_no-idf_version=0.3.12(hug_trans=4.41.1)', 'precision': array([0.99862993]), 'recall': array([0.99862993])}]",[7.8125     0.         6.25       4.46428571],[7.8125     0.         6.25       4.46428571],[7.8125     0.         6.25       4.46428571],[7.8125     0.         6.25       4.46428571]
"The hotel lies in five acres of fields and garden, and the Slingos, who own it, make the most of their beautiful surroundings by running painting *courses* for about £200 a week (including breakfast and dinner), or £90 for a long weekend.",['lessons' 'classes'],paintings,paintings,food,classes,7.752867,7.860564,3.4071782,0.58504766,"[{'f1': array([0.99961537]), 'hashcode': 'roberta-large_L17_no-idf_version=0.3.12(hug_trans=4.41.1)', 'precision': array([0.99961537]), 'recall': array([0.99961537])}{'f1': array([0.99901277]), 'hashcode': 'roberta-large_L17_no-idf_version=0.3.12(hug_trans=4.41.1)', 'precision': array([0.99901277]), 'recall': array([0.99901277])}]","[{'f1': array([0.99961537]), 'hashcode': 'roberta-large_L17_no-idf_version=0.3.12(hug_trans=4.41.1)', 'precision': array([0.99961537]), 'recall': array([0.99961537])}{'f1': array([0.99901277]), 'hashcode': 'roberta-large_L17_no-idf_version=0.3.12(hug_trans=4.41.1)', 'precision': array([0.99901277]), 'recall': array([0.99901277])}]","[{'f1': array([0.9968785]), 'hashcode': 'roberta-large_L17_no-idf_version=0.3.12(hug_trans=4.41.1)', 'precision': array([0.9968785]), 'recall': array([0.9968785])}{'f1': array([0.99791056]), 'hashcode': 'roberta-large_L17_no-idf_version=0.3.12(hug_trans=4.41.1)', 'precision': array([0.99791056]), 'recall': array([0.99791056])}]","[{'f1': array([0.99918377]), 'hashcode': 'roberta-large_L17_no-idf_version=0.3.12(hug_trans=4.41.1)', 'precision': array([0.99918377]), 'recall': array([0.99918377])}{'f1': array([0.99999976]), 'hashcode': 'roberta-large_L17_no-idf_version=0.3.12(hug_trans=4.41.1)', 'precision': array([0.99999976]), 'recall': array([0.99999976])}]",[4.5045045 4.5045045],[4.5045045 4.5045045],[3.90625 0.     ],[ 17.46031746 100.        ]
Motion will have to do better than this if he seriously intends his series of novels to capture the *feel* of a period.,['atmosphere' 'zeitgeist' 'ambiance' 'sense'],feel,feel,feel,sense,3.1843472,3.1919718,3.7760267,0.60537297,"[{'f1': array([0.99924374]), 'hashcode': 'roberta-large_L17_no-idf_version=0.3.12(hug_trans=4.41.1)', 'precision': array([0.99924374]), 'recall': array([0.99924374])}{'f1': array([0.80942434]), 'hashcode': 'roberta-large_L17_no-idf_version=0.3.12(hug_trans=4.41.1)', 'precision': array([0.88939476]), 'recall': array([0.7426486])}{'f1': array([0.85621142]), 'hashcode': 'roberta-large_L17_no-idf_version=0.3.12(hug_trans=4.41.1)', 'precision': array([0.93196464]), 'recall': array([0.79184741])}{'f1': array([0.99826407]), 'hashcode': 'roberta-large_L17_no-idf_version=0.3.12(hug_trans=4.41.1)', 'precision': array([0.99826407]), 'recall': array([0.99826407])}]","[{'f1': array([0.99924374]), 'hashcode': 'roberta-large_L17_no-idf_version=0.3.12(hug_trans=4.41.1)', 'precision': array([0.99924374]), 'recall': array([0.99924374])}{'f1': array([0.80942434]), 'hashcode': 'roberta-large_L17_no-idf_version=0.3.12(hug_trans=4.41.1)', 'precision': array([0.88939476]), 'recall': array([0.7426486])}{'f1': array([0.85621142]), 'hashcode': 'roberta-large_L17_no-idf_version=0.3.12(hug_trans=4.41.1)', 'precision': array([0.93196464]), 'recall': array([0.79184741])}{'f1': array([0.99826407]), 'hashcode': 'roberta-large_L17_no-idf_version=0.3.12(hug_trans=4.41.1)', 'precision': array([0.99826407]), 'recall': array([0.99826407])}]","[{'f1': array([0.99924374]), 'hashcode': 'roberta-large_L17_no-idf_version=0.3.12(hug_trans=4.41.1)', 'precision': array([0.99924374]), 'recall': array([0.99924374])}{'f1': array([0.80942434]), 'hashcode': 'roberta-large_L17_no-idf_version=0.3.12(hug_trans=4.41.1)', 'precision': array([0.88939476]), 'recall': array([0.7426486])}{'f1': array([0.85621142]), 'hashcode': 'roberta-large_L17_no-idf_version=0.3.12(hug_trans=4.41.1)', 'precision': array([0.93196464]), 'recall': array([0.79184741])}{'f1': array([0.99826407]), 'hashcode': 'roberta-large_L17_no-idf_version=0.3.12(hug_trans=4.41.1)', 'precision': array([0.99826407]), 'recall': array([0.99826407])}]","[{'f1': array([0.99846268]), 'hashcode': 'roberta-large_L17_no-idf_version=0.3.12(hug_trans=4.41.1)', 'precision': array([0.99846268]), 'recall': array([0.99846268])}{'f1': array([0.80715293]), 'hashcode': 'roberta-large_L17_no-idf_version=0.3.12(hug_trans=4.41.1)', 'precision': array([0.88554019]), 'recall': array([0.74151468])}{'f1': array([0.85267329]), 'hashcode': 'roberta-large_L17_no-idf_version=0.3.12(hug_trans=4.41.1)', 'precision': array([0.92722452]), 'recall': array([0.78921819])}{'f1': array([1.]), 'hashcode': 'roberta-large_L17_no-idf_version=0.3.12(hug_trans=4.41.1)', 'precision': array([1.]), 'recall': array([1.])}]",[ 5.68181818  6.25        3.47222222 10.41666667],[ 5.68181818  6.25        3.47222222 10.41666667],[ 5.68181818  6.25        3.47222222 10.41666667],[  6.66666667   7.31707317   5.40540541 100.        ]
"For instance, in performing its quantitative risk assessments the Health and Safety Executive will rarely deal with distances from hazardous sites in excess of 1 km (Petts 1988) and census data will not offer sufficient resolution for *accurate* population estimates to be made.",['precise' 'correct'],accurate,accurate,true,true,1.639776,1.664086,1.7384535,0.6279524,"[{'f1': array([0.9993304]), 'hashcode': 'roberta-large_L17_no-idf_version=0.3.12(hug_trans=4.41.1)', 'precision': array([0.9993304]), 'recall': array([0.9993304])}{'f1': array([0.99905419]), 'hashcode': 'roberta-large_L17_no-idf_version=0.3.12(hug_trans=4.41.1)', 'precision': array([0.99905419]), 'recall': array([0.99905419])}]","[{'f1': array([0.9993304]), 'hashcode': 'roberta-large_L17_no-idf_version=0.3.12(hug_trans=4.41.1)', 'precision': array([0.9993304]), 'recall': array([0.9993304])}{'f1': array([0.99905419]), 'hashcode': 'roberta-large_L17_no-idf_version=0.3.12(hug_trans=4.41.1)', 'precision': array([0.99905419]), 'recall': array([0.99905419])}]","[{'f1': array([0.99868792]), 'hashcode': 'roberta-large_L17_no-idf_version=0.3.12(hug_trans=4.41.1)', 'precision': array([0.99868792]), 'recall': array([0.99868792])}{'f1': array([0.99910927]), 'hashcode': 'roberta-large_L17_no-idf_version=0.3.12(hug_trans=4.41.1)', 'precision': array([0.99910927]), 'recall': array([0.99910927])}]","[{'f1': array([0.99868792]), 'hashcode': 'roberta-large_L17_no-idf_version=0.3.12(hug_trans=4.41.1)', 'precision': array([0.99868792]), 'recall': array([0.99868792])}{'f1': array([0.99910927]), 'hashcode': 'roberta-large_L17_no-idf_version=0.3.12(hug_trans=4.41.1)', 'precision': array([0.99910927]), 'recall': array([0.99910927])}]",[ 6.94444444 11.57407407],[ 6.94444444 11.57407407],[ 7.8125  11.71875],[ 7.8125  11.71875]
"The physicality so characteristic of Kahlo's work is missing, no flesh, no blood, just the tawdriness of the peeling poster and the *hollow* reminder of lost Liberty.",['empty'],suffocating,tense,hollow,empty,6.598622,5.4073315,2.6051428,0.6770981,"[{'f1': array([0.8520276]), 'hashcode': 'roberta-large_L17_no-idf_version=0.3.12(hug_trans=4.41.1)', 'precision': array([0.81240267]), 'recall': array([0.89571607])}]","[{'f1': array([0.99824929]), 'hashcode': 'roberta-large_L17_no-idf_version=0.3.12(hug_trans=4.41.1)', 'precision': array([0.99824929]), 'recall': array([0.99824929])}]","[{'f1': array([0.9995594]), 'hashcode': 'roberta-large_L17_no-idf_version=0.3.12(hug_trans=4.41.1)', 'precision': array([0.9995594]), 'recall': array([0.9995594])}]","[{'f1': array([1.]), 'hashcode': 'roberta-large_L17_no-idf_version=0.3.12(hug_trans=4.41.1)', 'precision': array([1.]), 'recall': array([1.])}]",[3.22580645],[8.],[0.],[100.]
He might advise me to make a statement to the police which I should of course do under his *guidance*.,['direction' 'mentor-ship' 'instruction' 'advice'],caution,caution,guidance,advice,4.0113797,3.9636827,1.7343994,0.7085349,"[{'f1': array([0.98332775]), 'hashcode': 'roberta-large_L17_no-idf_version=0.3.12(hug_trans=4.41.1)', 'precision': array([0.98332775]), 'recall': array([0.98332775])}{'f1': array([0.86468834]), 'hashcode': 'roberta-large_L17_no-idf_version=0.3.12(hug_trans=4.41.1)', 'precision': array([0.92539662]), 'recall': array([0.81145489])}{'f1': array([0.99871063]), 'hashcode': 'roberta-large_L17_no-idf_version=0.3.12(hug_trans=4.41.1)', 'precision': array([0.99871063]), 'recall': array([0.99871063])}{'f1': array([0.99916589]), 'hashcode': 'roberta-large_L17_no-idf_version=0.3.12(hug_trans=4.41.1)', 'precision': array([0.99916589]), 'recall': array([0.99916589])}]","[{'f1': array([0.98332775]), 'hashcode': 'roberta-large_L17_no-idf_version=0.3.12(hug_trans=4.41.1)', 'precision': array([0.98332775]), 'recall': array([0.98332775])}{'f1': array([0.86468834]), 'hashcode': 'roberta-large_L17_no-idf_version=0.3.12(hug_trans=4.41.1)', 'precision': array([0.92539662]), 'recall': array([0.81145489])}{'f1': array([0.99871063]), 'hashcode': 'roberta-large_L17_no-idf_version=0.3.12(hug_trans=4.41.1)', 'precision': array([0.99871063]), 'recall': array([0.99871063])}{'f1': array([0.99916589]), 'hashcode': 'roberta-large_L17_no-idf_version=0.3.12(hug_trans=4.41.1)', 'precision': array([0.99916589]), 'recall': array([0.99916589])}]","[{'f1': array([0.98494089]), 'hashcode': 'roberta-large_L17_no-idf_version=0.3.12(hug_trans=4.41.1)', 'precision': array([0.98494089]), 'recall': array([0.98494089])}{'f1': array([0.86332506]), 'hashcode': 'roberta-large_L17_no-idf_version=0.3.12(hug_trans=4.41.1)', 'precision': array([0.92386466]), 'recall': array([0.8102318])}{'f1': array([0.99916977]), 'hashcode': 'roberta-large_L17_no-idf_version=0.3.12(hug_trans=4.41.1)', 'precision': array([0.99916977]), 'recall': array([0.99916977])}{'f1': array([0.99885166]), 'hashcode': 'roberta-large_L17_no-idf_version=0.3.12(hug_trans=4.41.1)', 'precision': array([0.99885166]), 'recall': array([0.99885166])}]","[{'f1': array([0.98209739]), 'hashcode': 'roberta-large_L17_no-idf_version=0.3.12(hug_trans=4.41.1)', 'precision': array([0.98209739]), 'recall': array([0.98209739])}{'f1': array([0.86266679]), 'hashcode': 'roberta-large_L17_no-idf_version=0.3.12(hug_trans=4.41.1)', 'precision': array([0.92336535]), 'recall': array([0.80945629])}{'f1': array([0.99830341]), 'hashcode': 'roberta-large_L17_no-idf_version=0.3.12(hug_trans=4.41.1)', 'precision': array([0.99830341]), 'recall': array([0.99830341])}{'f1': array([0.99999976]), 'hashcode': 'roberta-large_L17_no-idf_version=0.3.12(hug_trans=4.41.1)', 'precision': array([0.99999976]), 'recall': array([0.99999976])}]",[24.30397463  6.53594771 21.6336643   8.06451613],[24.30397463  6.53594771 21.6336643   8.06451613],[ 9.46969697  4.80769231  6.41025641 16.108372  ],[  7.93650794   3.33333333   3.33333333 100.        ]
"In a desperately competitive climate, where anyone *bright* and competent could go down the road and pick up a better paid job with kinder hours and more congenial working conditions from someone like British Telecom, the railways ran a service dependent on people who belonged to a narrow and inbred working culture, with outdated procedures of training and promotion, and an institutional reliance on overtime working, whose wholly disgraceful dimensions are symbolised by the fact that maximum weekly hours were only recently cut to 72 hours a week.",['smart' 'intelligent'],dependable,well,bright,bright,3.8102925,6.066759,1.0334963,0.7342202,"[{'f1': array([0.87985295]), 'hashcode': 'roberta-large_L17_no-idf_version=0.3.12(hug_trans=4.41.1)', 'precision': array([0.84506607]), 'recall': array([0.91762674])}{'f1': array([0.87966782]), 'hashcode': 'roberta-large_L17_no-idf_version=0.3.12(hug_trans=4.41.1)', 'precision': array([0.84476954]), 'recall': array([0.91757363])}]","[{'f1': array([0.99917984]), 'hashcode': 'roberta-large_L17_no-idf_version=0.3.12(hug_trans=4.41.1)', 'precision': array([0.99917984]), 'recall': array([0.99917984])}{'f1': array([0.99958014]), 'hashcode': 'roberta-large_L17_no-idf_version=0.3.12(hug_trans=4.41.1)', 'precision': array([0.99958014]), 'recall': array([0.99958014])}]","[{'f1': array([0.99926227]), 'hashcode': 'roberta-large_L17_no-idf_version=0.3.12(hug_trans=4.41.1)', 'precision': array([0.99926227]), 'recall': array([0.99926227])}{'f1': array([0.99937415]), 'hashcode': 'roberta-large_L17_no-idf_version=0.3.12(hug_trans=4.41.1)', 'precision': array([0.99937415]), 'recall': array([0.99937415])}]","[{'f1': array([0.99926227]), 'hashcode': 'roberta-large_L17_no-idf_version=0.3.12(hug_trans=4.41.1)', 'precision': array([0.99926227]), 'recall': array([0.99926227])}{'f1': array([0.99937415]), 'hashcode': 'roberta-large_L17_no-idf_version=0.3.12(hug_trans=4.41.1)', 'precision': array([0.99937415]), 'recall': array([0.99937415])}]",[3.33333333 7.87354007],[ 0.         16.95386468],[7.69230769 6.85291309],[7.69230769 6.85291309]
"Just *under* 10 miles south-west of St Jean, on the Brouage road, St-Savinien is at the upper limit of the tidal reaches of the Charente.",['below' 'nearly'],about,about,almost,almost,2.280692,2.1909087,1.4765118,0.74260587,"[{'f1': array([0.99825901]), 'hashcode': 'roberta-large_L17_no-idf_version=0.3.12(hug_trans=4.41.1)', 'precision': array([0.99825901]), 'recall': array([0.99825901])}{'f1': array([0.9993009]), 'hashcode': 'roberta-large_L17_no-idf_version=0.3.12(hug_trans=4.41.1)', 'precision': array([0.9993009]), 'recall': array([0.9993009])}]","[{'f1': array([0.99825901]), 'hashcode': 'roberta-large_L17_no-idf_version=0.3.12(hug_trans=4.41.1)', 'precision': array([0.99825901]), 'recall': array([0.99825901])}{'f1': array([0.9993009]), 'hashcode': 'roberta-large_L17_no-idf_version=0.3.12(hug_trans=4.41.1)', 'precision': array([0.9993009]), 'recall': array([0.9993009])}]","[{'f1': array([0.99643624]), 'hashcode': 'roberta-large_L17_no-idf_version=0.3.12(hug_trans=4.41.1)', 'precision': array([0.99643624]), 'recall': array([0.99643624])}{'f1': array([0.99994874]), 'hashcode': 'roberta-large_L17_no-idf_version=0.3.12(hug_trans=4.41.1)', 'precision': array([0.99994874]), 'recall': array([0.99994874])}]","[{'f1': array([0.99643624]), 'hashcode': 'roberta-large_L17_no-idf_version=0.3.12(hug_trans=4.41.1)', 'precision': array([0.99643624]), 'recall': array([0.99643624])}{'f1': array([0.99994874]), 'hashcode': 'roberta-large_L17_no-idf_version=0.3.12(hug_trans=4.41.1)', 'precision': array([0.99994874]), 'recall': array([0.99994874])}]",[8.         3.44827586],[8.         3.44827586],[7.69230769 5.55555556],[7.69230769 5.55555556]
"Precautions will not conquer empires, they will not build great cities, they will not *transmute* dreams into gold or carry men across wide oceans, and precautions will not, emphatically not, win fair ladies,’ and here he turned to Ellen and lasciviously dropped his gaze to her long bare legs.",['change' 'switch' 'convert' 'turn'],tense,tense,wipe,turn,6.1680555,6.348378,2.8680344,0.79594225,"[{'f1': array([0.99804878]), 'hashcode': 'roberta-large_L17_no-idf_version=0.3.12(hug_trans=4.41.1)', 'precision': array([0.99804878]), 'recall': array([0.99804878])}{'f1': array([0.99882174]), 'hashcode': 'roberta-large_L17_no-idf_version=0.3.12(hug_trans=4.41.1)', 'precision': array([0.99882174]), 'recall': array([0.99882174])}{'f1': array([0.99868757]), 'hashcode': 'roberta-large_L17_no-idf_version=0.3.12(hug_trans=4.41.1)', 'precision': array([0.99868757]), 'recall': array([0.99868757])}{'f1': array([0.99805284]), 'hashcode': 'roberta-large_L17_no-idf_version=0.3.12(hug_trans=4.41.1)', 'precision': array([0.99805284]), 'recall': array([0.99805284])}]","[{'f1': array([0.99804878]), 'hashcode': 'roberta-large_L17_no-idf_version=0.3.12(hug_trans=4.41.1)', 'precision': array([0.99804878]), 'recall': array([0.99804878])}{'f1': array([0.99882174]), 'hashcode': 'roberta-large_L17_no-idf_version=0.3.12(hug_trans=4.41.1)', 'precision': array([0.99882174]), 'recall': array([0.99882174])}{'f1': array([0.99868757]), 'hashcode': 'roberta-large_L17_no-idf_version=0.3.12(hug_trans=4.41.1)', 'precision': array([0.99868757]), 'recall': array([0.99868757])}{'f1': array([0.99805284]), 'hashcode': 'roberta-large_L17_no-idf_version=0.3.12(hug_trans=4.41.1)', 'precision': array([0.99805284]), 'recall': array([0.99805284])}]","[{'f1': array([0.99811161]), 'hashcode': 'roberta-large_L17_no-idf_version=0.3.12(hug_trans=4.41.1)', 'precision': array([0.99811161]), 'recall': array([0.99811161])}{'f1': array([0.9989807]), 'hashcode': 'roberta-large_L17_no-idf_version=0.3.12(hug_trans=4.41.1)', 'precision': array([0.9989807]), 'recall': array([0.9989807])}{'f1': array([0.99878335]), 'hashcode': 'roberta-large_L17_no-idf_version=0.3.12(hug_trans=4.41.1)', 'precision': array([0.99878335]), 'recall': array([0.99878335])}{'f1': array([0.99850082]), 'hashcode': 'roberta-large_L17_no-idf_version=0.3.12(hug_trans=4.41.1)', 'precision': array([0.99850082]), 'recall': array([0.99850082])}]","[{'f1': array([0.9984175]), 'hashcode': 'roberta-large_L17_no-idf_version=0.3.12(hug_trans=4.41.1)', 'precision': array([0.9984175]), 'recall': array([0.9984175])}{'f1': array([0.99939144]), 'hashcode': 'roberta-large_L17_no-idf_version=0.3.12(hug_trans=4.41.1)', 'precision': array([0.99939144]), 'recall': array([0.99939144])}{'f1': array([0.99938798]), 'hashcode': 'roberta-large_L17_no-idf_version=0.3.12(hug_trans=4.41.1)', 'precision': array([0.99938798]), 'recall': array([0.99938798])}{'f1': array([1.00000024]), 'hashcode': 'roberta-large_L17_no-idf_version=0.3.12(hug_trans=4.41.1)', 'precision': array([1.00000024]), 'recall': array([1.00000024])}]",[ 6.89655172  6.89655172  9.09090909 11.9047619 ],[ 6.89655172  6.89655172  9.09090909 11.9047619 ],[ 4.46428571 14.36781609  3.90625     0.        ],[  4.46428571   4.46428571  11.71875    100.        ]
"Day care in each area would be organised and coordinated through the children's day centres which would also provide information, *support* and resources to parents.",['help' 'guidance' 'assistance'],support,support,support,help,1.3268768,1.3079213,1.7346748,0.7983286,"[{'f1': array([0.99972254]), 'hashcode': 'roberta-large_L17_no-idf_version=0.3.12(hug_trans=4.41.1)', 'precision': array([0.99972254]), 'recall': array([0.99972254])}{'f1': array([0.99907392]), 'hashcode': 'roberta-large_L17_no-idf_version=0.3.12(hug_trans=4.41.1)', 'precision': array([0.99907392]), 'recall': array([0.99907392])}{'f1': array([0.99913299]), 'hashcode': 'roberta-large_L17_no-idf_version=0.3.12(hug_trans=4.41.1)', 'precision': array([0.99913299]), 'recall': array([0.99913299])}]","[{'f1': array([0.99972254]), 'hashcode': 'roberta-large_L17_no-idf_version=0.3.12(hug_trans=4.41.1)', 'precision': array([0.99972254]), 'recall': array([0.99972254])}{'f1': array([0.99907392]), 'hashcode': 'roberta-large_L17_no-idf_version=0.3.12(hug_trans=4.41.1)', 'precision': array([0.99907392]), 'recall': array([0.99907392])}{'f1': array([0.99913299]), 'hashcode': 'roberta-large_L17_no-idf_version=0.3.12(hug_trans=4.41.1)', 'precision': array([0.99913299]), 'recall': array([0.99913299])}]","[{'f1': array([0.99972254]), 'hashcode': 'roberta-large_L17_no-idf_version=0.3.12(hug_trans=4.41.1)', 'precision': array([0.99972254]), 'recall': array([0.99972254])}{'f1': array([0.99907392]), 'hashcode': 'roberta-large_L17_no-idf_version=0.3.12(hug_trans=4.41.1)', 'precision': array([0.99907392]), 'recall': array([0.99907392])}{'f1': array([0.99913299]), 'hashcode': 'roberta-large_L17_no-idf_version=0.3.12(hug_trans=4.41.1)', 'precision': array([0.99913299]), 'recall': array([0.99913299])}]","[{'f1': array([0.99999994]), 'hashcode': 'roberta-large_L17_no-idf_version=0.3.12(hug_trans=4.41.1)', 'precision': array([0.99999994]), 'recall': array([0.99999994])}{'f1': array([0.99931228]), 'hashcode': 'roberta-large_L17_no-idf_version=0.3.12(hug_trans=4.41.1)', 'precision': array([0.99931228]), 'recall': array([0.99931228])}{'f1': array([0.99936515]), 'hashcode': 'roberta-large_L17_no-idf_version=0.3.12(hug_trans=4.41.1)', 'precision': array([0.99936515]), 'recall': array([0.99936515])}]",[5.43478261 2.13675214 3.54609929],[5.43478261 2.13675214 3.54609929],[5.43478261 2.13675214 3.54609929],[100.           3.47222222   2.84090909]
